 ,File Name,Used,Notes,Translation,Texture File,,,Album of models for reference:,(not complete)
BTCapsule,BTCapsule.nsbmd,✔,,,BTCapsule._1.001.nsbtx,,,https://imgur.com/a/JglHa8U,
Demo_Mast,Demo_Mast.nsbmd,✔,Ghost Ship Mast,,Demo_Mast.nsbtx,,,,
DemoWave,DemoWave.nsbmd,✔,Great Sea,,f3rd_Sea.001.nsbtx,,,,
DemoWaveLast,DemoWaveLast.nsbmd,✔,Great Sea,,f3rd_Sea.001.nsbtx,,,,
agyl_portable,agyl_portable.nsbmd,,Portable Invisibility Space (ToOK),,agyl_portable.nsbtx,,,,
ambientbox,ambientbox.nsbmd,,Cutscene Text Box,Ambient Text Box,t_box.nsbtx,,,,
amos,amos.nsbmd,,Armos,Armos,ams_o.nsbtx,,,,
approach,approach.nsbmd,,Cave/Dungeon Exit Doorway Light,Approach,approach.nsbtx,,,,
arrow,arrow.nsbmd,,Arrow,Arrow,dsArrow.001.nsbtx,,,,
arrow_s,arrow.nsbmd,,Arrow without a arrowhead,Arrow - Shaft,dsArrow.001.nsbtx,,,,
b_door,b_door.nsbmd,,Boss Door,Boss Door,b_door.nsbtx,,,,
b_fish,b_fish.nsbmd,,Squiddy (Floating Ruppee Jellyfish),,bf.nsbtx,,,,
bar_ext,bar_ext.nsbmd,,Mercay Bar,Bar - Exterior,bar_outside.nsbtx,,,,
bar_int,bar_int.nsbmd,,Bar Interior,Bar - Interior,bar_bottles.nsbtx,,,,
barten,barten.nsbmd,,Bartender,Bartender,barten.nsbtx,,,,
battle00_00,battle00_00.001.nsbmd,,Battle Arena 00 State 1,Battle Arena 00,uses multiple,,,,
battle00_00,battle00_00.nsbmd,,Battle Arena 00 State 0,Battle Arena 00,uses multiple,,,,
battle01_00,battle01_00.001.nsbmd,,,Battle Arena 01,uses multiple,,,,
battle01_00,battle01_00.nsbmd,,,Battle Arena 01,uses multiple,,,,
battle02_00,battle02_00.001.nsbmd,,,Battle Arena 02,uses multiple,,,,
battle02_00,battle02_00.nsbmd,,,Battle Arena 02,uses multiple,,,,
battle03_00,battle03_00.001.nsbmd,,,Battle Arena 03,uses multiple,,,,
battle03_00,battle03_00.nsbmd,,,Battle Arena 03,uses multiple,,,,
battle04_00,battle04_00.001.nsbmd,,,Battle Arena 04,uses multiple,,,,
battle04_00,battle04_00.nsbmd,,,Battle Arena 04,uses multiple,,,,
battle05_00,battle05_00.001.nsbmd,,,Battle Arena 05,uses multiple,,,,
battle05_00,battle05_00.nsbmd,,,Battle Arena 05,uses multiple,,,,
battle06_00,battle06_00.001.nsbmd,,,Battle Arena 06,uses multiple,,,,
battle06_00,battle06_00.nsbmd,,,Battle Arena 06,uses multiple,,,,
battle07_00,battle07_00.001.nsbmd,,,Battle Arena 07,uses multiple,,,,
battle07_00,battle07_00.nsbmd,,,Battle Arena 07,uses multiple,,,,
battle08_00,battle08_00.nsbmd,,,Battle Arena 08,uses multiple,,,,
battle09_00,battle09_00.nsbmd,,,Battle Arena 09,uses multiple,,,,
battle11_00,battle11_00.nsbmd,,,Battle Arena 11,uses multiple,,,,
bazaar_ext,bazaar_ext.nsbmd,,Shop Exterior,Bazaar - Exterior,bazaar_obj.nsbtx,,,,
bazaar_int,bazaar_int.nsbmd,,Shop Interior,Bazaar - Interior,bazaar_floor.nsbtx,,,,
beamos,beamos.nsbmd,,Beamos,Beamos,beamos.nsbtx,,,,
beamos_beam,beamos_beam.001.nsbmd,,Beamos Beam,Beamos Beam,zdi_beamgrad1.001.nsbtx,,,,
beamos_beam,beamos_beam.nsbmd,,Beamos Beam,Beamos Beam,zdi_beamgrad1.001.nsbtx,,,,
bee,bee.nsbmd,,Bee,Bee,bee.nsbtx,,,,
beehive,beehive.nsbmd,,Beehive,Beehive,beehive.nsbtx,,,,
block,block.001.nsbmd,,Block (Pushable),Block,block_move.nsbtx,,,,
block,block.nsbmd,,Block,Block,block.nsbtx,,,,
block_blue,block_blue.nsbmd,,Blue Block,Block - Blue,block_blue.nsbtx,,,,
block_crack0,block_crack0.001.nsbmd,,Cracked Block,Block - Cracked,block_crack0.001.nsbtx,,,,
block_crack0,block_crack0.nsbmd,,Cracked Block (Whole),Block - Cracked,block_crack0.001.nsbtx,,,,
block_crack1,block_crack1.nsbmd,,Cracked Block (Solid),Block - Cracked,block_crack1.nsbtx,,,,
block_red,block_blue.nsbmd,,Red Block,Block - Red,block_blue.nsbtx,,,,
block_wind,block_wind.001.nsbmd,,Wind Block,Block - Wind,block_wind.001.nsbtx,,,,
block_wind,block_wind.nsbmd,,Wind Block,Block - Wind,block_wind.001.nsbtx,,,,
bom,bom.nsbmd,,Bomb Sign,Bomb  ,bom.nsbtx,,,,
bomb,arrow.nsbmd,,Colorless Bomb,Bomb,dsArrow.001.nsbtx,,,,
bombocta,bombocta.nsbmd,,Octomine,Bomb Octa,bocta_body_0.nsbtx,,,,
bomchu,arrow.nsbmd,,Bombchu,Bombchu,dsArrow.001.nsbtx,,,,
bomchu_pt,arrow.nsbmd,,Bombchu Pointer,Bombchu - Point,dsArrow.001.nsbtx,,,,
boomerang,arrow.nsbmd,,Boomerang,Boomerang,dsArrow.001.nsbtx,,,,
boss_final1st,boss_final1st.nsbmd,,Bellum 1st Phase Arena,Boss - Final 1st Fight,LB1_Enkei.nsbtx,,,,
boss_final3rd,boss_final3rd.001.nsbmd,,Bellum 3rd Phase Arena,Boss - Final 3rd Fight,uses multiple,,,,
boss_final3rd,boss_final3rd.nsbmd,,Bellum 3rd Phase Arena,Boss - Final 3rd Fight,uses multiple,,,,
boss_flame,boss_flame.nsbmd,,Blaaz Boss Arena,Boss - Flame Arena,BF_Hasira.nsbtx,,,,
boss_flame_00,boss_flame_00.nsbmd,,,Boss - Flame 00,dungeon0_f0.001.nsbtx,,,,
boss_ghost_00,boss_ghost_00.nsbmd,,,Boss - Ghost Arena,dungeon5_s0.001.nsbtx,,,,
boss_ice_dis,boss_ice_dis.nsbmd,,,Boss - Ice Arena,uses multiple,,,,
boss_last1_00,boss_last1_00.nsbmd,,Bellum Phase 1 Beta Arena?,Boss - Last 1,dungeon0_f0.001.nsbtx,,,,
boss_last3_00,boss_last3_00.nsbmd,,Bellum Phase 3 Beta Arena?,Boss - Last 3 ,dungeon0_f0.001.nsbtx,,,,
boss_p,boss_p.nsbmd,,Dongorongo,Boss - ,bp1.nsbtx,,,,
boss_phantom,boss_phantom.nsbmd,,Cubus Sisters Boss Arena,Boss - Phantoms,BP_Back.nsbtx,,,,
boss_philos_dis,boss_philos_dis.nsbmd,,Eox Boss Arena,Boss - ,uses multiple,,,,
boss_pluck_00,boss_pluck_00.nsbmd,,Crayak Beta Arena,Boss - Courage,uses multiple,,,,
boss_pluck_dis,boss_pluck_dis.nsbmd,,Crayak Boss Arena,Boss - Courage ,H_VR01.nsbtx,,,,
boss_power_00,boss_power_00.nsbmd,,Dongorongo Beta Arena,Boss - Power ,uses multiple,,,,
boss_power_dis,boss_power_dis.nsbmd,,Dongorongo Boss Arena,Boss - Power ,uses multiple,,,,
boss_water_00,boss_water_00.nsbmd,,Gleeok Beta Arena,Boss - Water,uses multiple,,,,
boss_wind_00,boss_wind_00.001.nsbmd,,Cyclok Beta Arena,Boss - Wind,uses multiple,,,,
boss_wind_00,boss_wind_00.nsbmd,,Cyclock Boss Arena,Boss - Wind,boss_wind_b0.nsbtx,,,,
boss_wisdom_00,boss_wisdom_00.nsbmd,,Eox Beta Arena,Boss - Wisdom,uses multiple,,,,
bossdome_ext,bossdome_ext.nsbmd,,Island Chief Dome Exterior,Boss Dome Exterior,bsdome_ext.nsbtx,,,,
bossdome_int,bossdome_int.nsbmd,,Island Chief Igloo Interior,Boss Dome Interior,bsdome_int.nsbmd,,,,
bosskey,bosskey.nsbmd,,Boss Key,Boss Key,bosskey1.001.nsbtx,,,,
bouy1,bouy1.nsbmd,,Bouy 1,Bouy 1,bouy1.nsbtx,,,,
bouy2,bouy2.nsbmd,,Vines you have to leap over in Ship,Bouy 2,bouy2.nsbtx,,,,
bow,arrow.nsbmd,,Bow,Bow,dsArrow.001.nsbtx,,,,
box,box.nsbmd,,Treasure Chest (Small),Box,box.nsbtx,,,,
box_large,box_large.nsbmd,,Treasure Chest (Large),Box - Large,box_large.nsbtx,,,,
boxsea,boxsea.nsbmd,,Treasure Chest (Sea),Box - Sea,boxsea.nsbtx,,,,
bridge_dis,boss_ice_dis.nsbmd,,,Bridge,H_etc.nsbtx,,,,
bridge_extend,bridge_extend.nsbmd,,Extending Bridge,Bridge - Extend,bridge_extend.nsbtx,,,,
bridge_final,bridge_final.nsbmd,,Bridge leading to Bellum,Bridge - Final,bridge_final.nsbtx,,,,
bridge_ice,bridge_ice.nsbmd,,Ice Bridge,Bridge - Ice,bridge_ice.nsbtx,,,,
bridge_wood_c,bridge_wood_c.nsbmd,,Wood Bridge,Bridge - Wood,bridge_wood.nsbtx,,,,
bridge_wood_r,bridge_wood_c.nsbmd,,Ruined Wood Bridge,Bridge - Wood (Ruined),bridge_wood.nsbtx,,,,
bridge_wood_s,bridge_wood_c.nsbmd,,Sturdy Wood Bridge,Bridge - Wood (Sturdy),bridge_wood.nsbtx,,,,
bridge0,bridge0.nsbmd,,Mercay Island Bridge (repaired),Bridge 0,bridge0.nsbtx,,,,
bridge1,bridge0.nsbmd,,Mercay Island Bridge (broken),Bridge 1,bridge0.nsbtx,,,,
bridge2,bridge2.nsbmd,,,Bridge 2,bridge2.001.nsbtx,,,,
bubble,bubble_nsbmd,,Bubble Skull,Bubble,bubble_0.nsbtx,,,,
burn,burn.nsbmd,,Fire Vent,Burn,burn.nsbtx,,,,
candle,candle.nsbmd,,Candle,Candle,candle.nsbtx,,,,
chie_water,chie_water.nsbmd,,,,M_WaterB.001.nsbtx,,,,
chie4_water_dis,chie4_water_dis.nsbmd,,,,M_WaterB.001.nsbtx,,,,
chuc,chuc.nsbmd,,Red Chu Chu,Chu Chu,chuc_0.nsbtx,,,,
chucrock,chucrock.nsbmd,,Red Chu Chu Rock,Chu Chu Rock,chucrock.nsbtx,,,,
collapse,collapse.nsbmd,,Cave Bomb Entrance,Collapse,collapse.nsbtx,,,,
collapse1,collapse1.nsbmd,,,Collapse 1,collapse1.nsbtx,,,,
color_tile,color_tile.nsbmd,,Flippable Color Tile,Color Tile,color_tile.nsbtx,,,,
column,column.nsbmd,,Column,Column,column.nsbtx,,,,
column_long,column_long.nsbmd,,Long Column,Long Column,column_long.nsbtx,,,,
crack,collapse.nsbmd,,Bombable Wall Crack,Crack,collapse.nsbtx,,,,
crack1,crack1.nsbmd,,,Crack 1,crack0_0.nsbtx,,,,
crack2,crack2.nsbmd,,,Crack 2,crack1_0.nsbtx,,,,
crack3,crack3.nsbmd,,,Crack 3,crack2_0.nsbtx,,,,
crow,crow.nsbmd,,Crow,Crow,crow.nsbtx,,,,
crystal0,crystal0.nsbmd,,,Crystal 0,crystal0_1.nsbtx,,,,
crystal0_b,crystal0.nsbmd,,,Crystal 0 - Button,crystal0_1.nsbtx,,,,
cubus,cubus.nsbmd,,Red Cubus Sister,Cubus,cubus_0.nsbtx,,,,
cubus_beam,cubus_beam.nsbmd,,Cubus Beam,Cubus Beam,cubus_beam.nsbtx,,,,
d02_ball01,d02_ball01.nsbmd,,,,zdi_d01_ball02.nsbtx,,,,
deadend,deadend.nsbmd,,,Deadend,deadend.nsbtx,,,,
deadeye,deadeye.nsbmd,,Slime Minion Eye,,deadeye.nsbtx,,,,
demo_chase_00,demo_chase_00.nsbmd,,,,uses multiple,,,,
demo_end_00,demo_end_00,,,,uses multiple,,,,
demo_op_00,demo_op_00,,,,uses multiple,,,,
Demo_Tdai,Demo_Tdai.nsbmd,,Ghost Ship Piece,,Demo_Tdai.nsbtx,,,,
demo_title_00,demo_title_00,,,,uses multiple,,,,
dnavi,dnavi.nsbmd,,,,dnavi_body.nsbtx,,,,
dngn_first_00,dngn_first_00.nsbmd,,Mercay Key Cave,Dungeon - First (Room 0),uses multiple,,,,
dngn_first_01,dngn_first_01.nsbmd,,Mercay Key Cave Second Room,Dungeon - First (Room 1),uses multiple,,,,
dngn_flame_00,dngn_flame_00.nsbmd,,Temple of Fire Room 0,Dungeon - Flame (Room 0),uses multiple,,,,
dngn_flame_01,dngn_flame_01.nsbmd,,Temple of Fire Room 1,Dungeon - Flame (Room 1),uses multiple,,,,
dngn_flame_02,dngn_flame_02.nsbmd,,Temple of Fire Room 2,Dungeon - Flame (Room 2),uses multiple,,,,
dngn_flame_03,dngn_flame_03.nsbmd,,Temple of Fire Room 3,Dungeon - Flame (Room 3),uses multiple,,,,
dngn_ghost_00,dngn_ghost_00.nsbmd,,Ghost Ship Room 0,Dungeon - Ghost (Room 0),uses multiple,,,,
dngn_ghost_01,dngn_ghost_01.nsbmd,,Ghost Ship Room 1,Dungeon - Ghost (Room 1),uses multiple,,,,
dngn_ghost_02,dngn_ghost_02.nsbmd,,Ghost Ship Room 2,Dungeon - Ghost (Room 2) ,uses multiple,,,,
dngn_ghost_03,dngn_ghost_03.nsbmd,,Ghost Ship Room 3,Dungeon - Ghost (Room 3) ,uses multiple,,,,
dngn_main_00,dngn_main_00.nsbmd,,Temple of The Ocean King Main Floor,Dungeon - Main (Room 0),uses multiple,,,,
dngn_main_01,dngn_main_01.nsbmd,,Temple of The Ocean King B1,Dungeon - Main (Room 1),uses multiple,,,,
dngn_main_02,dngn_main_02.nsbmd,,Temple of The Ocean King B2,Dungeon - Main (Room 2) ,uses multiple,,,,
dngn_main_03,dngn_main_03.nsbmd,,Temple of The Ocean King B3,Dungeon - Main (Room 3),uses multiple,,,,
dngn_main_04,dngn_main_04.nsbmd,,Temple of The Ocean King B3 - Rest Area,Dungeon - Main (Room 4),uses multiple,,,,
dngn_main_05,dngn_main_05.nsbmd,,Temple of The Ocean King B4,Dungeon - Main (Room 5),uses multiple,,,,
dngn_main_06,dngn_main_06.nsbmd,,Temple of The Ocean King B5,Dungeon - Main (Room 6),uses multiple,,,,
dngn_main_07,dngn_main_07.nsbmd,,Temple of The Ocean King B6,Dungeon - Main (Room 7),uses multiple,,,,
dngn_main_08,dngn_main_08.nsbmd,,Temple of The Ocean King B6 - Map Wall,Dungeon - Main (Room 8),uses multiple,,,,
dngn_main_09,dngn_main_09.nsbmd,,Temple of The Ocean King B6 - Rest Area,Dungeon - Main (Room 9),uses multiple,,,,
dngn_main_10,dngn_main_10.nsbmd,,Temple of The Ocean King B7,Dungeon - Main (Room 10),uses multiple,,,,
dngn_main_11,dngn_main_11.nsbmd,,Temple of The Ocean King B8,Dungeon - Main (Room 11),uses multiple,,,,
dngn_main_12,dngn_main_12.nsbmd,,Temple of The Ocean King B9,Dungeon - Main (Room 12),uses multiple,,,,
dngn_main_13,dngn_main_13.nsbmd,,Temple of The Ocean King B9 - Map Room,Dungeon - Main (Room 13),uses multiple,,,,
dngn_main_14,dngn_main_14.nsbmd,,Temple of The Ocean King B10,Dungeon - Main (Room 14),uses multiple,,,,
dngn_main_15,dngn_main_15.nsbmd,,Temple of The Ocean King B11,Dungeon - Main (Room 15),uses multiple,,,,
dngn_main_16,dngn_main_16.nsbmd,,Temple of The Ocean King B12,Dungeon - Main (Room 16),uses multiple,,,,
dngn_main_17,dngn_main_17.nsbmd,,Temple of The Ocean King B13,Dungeon - Main (Room 17),uses multiple,,,,
dngn_main_18,dngn_main_18.nsbmd,,Temple of The Ocean King Before Bellum,Dungeon - Main (Room 18),uses multiple,,,,
dngn_main_f_00,dngn_main_f_00.nsbmd,,Temple of The Ocean King Beta?,Dungon - Main (Room F),uses multiple,,,,
dngn_pluck_00,dngn_pluck_00.nsbmd,,Temple of Courage First Floor,Dungeon - Courage (Room 0),uses multiple,,,,
dngn_pluck_01,dngn_pluck_01.nsbmd,,,Dungeon - Courage (Room 1),uses multiple,,,,
dngn_pluck_02,dngn_pluck_02.nsbmd,,,Dungeon - Courage (Room 2),uses multiple,,,,
dngn_pluck_03,dngn_pluck_03.nsbmd,,,Dungeon - Courage (Room 3),uses multiple,,,,
dngn_power_00,dngn_power_00.nsbmd,,,Dungeon - Power (Room 0),uses multiple,,,,
dngn_power_01,dngn_power_01.nsbmd,,,Dungeon - Power (Room 1),uses multiple,,,,
dngn_power_02,dngn_power_02.nsbmd,,,Dungeon - Power (Room 2),uses multiple,,,,
dngn_power_03,dngn_power_03.nsbmd,,,Dungeon - Power (Room 3),uses multiple,,,,
dngn_power_04,dngn_power_04.nsbmd,,,Dungeon - Power (Room 4),uses multiple,,,,
dngn_power_05,dngn_power_05.nsbmd,,,Dungeon - Power (Room 5),uses multiple,,,,
dngn_power_10,dngn_power_10.nsbmd,,,Dungeon - Power (Room 10),uses multiple,,,,
dngn_torii_00,dngn_torii_00.ndbmd,,,Dungeon - Cannon (Room 0),dungeon0_f0.001.nsbtx,,,,
dngn_water_00,dngn_water_00.nsbmd,,,Dungeon - Water (Room 0),uses multiple,,,,
dngn_water_01,dngn_water_01.nsbmd,,,Dungeon - Water (Room 1),uses multiple,,,,
dngn_water_02,dngn_water_02.nsbmd,,,Dungeon - Water (Room 2),uses multiple,,,,
dngn_water_03,dngn_water_03.nsbmd,,,Dungeon - Water (Room 3),uses multiple,,,,
dngn_water_04,dngn_water_04.nsbmd,,,Dungeon - Water (Room 4),uses multiple,,,,
dngn_water_05,dngn_water_05.nsbmd,,,Dungeon - Water (Room 5),uses multiple,,,,
dngn_water_06,dngn_water_06.nsbmd,,,Dungeon - Water (Room 6),uses multiple,,,,
dngn_wind_00,dngn_wind_00.nsbmd,,,Dungeon - Wind (Room 0),uses multiple,,,,
dngn_wind_01,dngn_wind_01.nsbmd,,,Dungeon - Wind (Room 1),uses multiple,,,,
dngn_wind_02,dngn_wind_02.nsbmd,,,Dungeon - Wind (Room 2),uses multiple,,,,
dngn_wind_03,dngn_wind_03.nsbmd,,,Dungeon - Wind (Room 3),uses multiple,,,,
dngn_wind_04,dngn_wind_04.nsbmd,,,Dungeon - Wind (Room 4),uses multiple,,,,
dngn_wind_05,dngn_wind_05.nsbmd,,,Dungeon - Wind (Room 5),uses multiple,,,,
dngn_wisdom_00,dngn_wisdom_00.nsbmd,,,Dungeon - Wisdom (Room 0),uses multiple,,,,
dngn_wisdom_01,dngn_wisdom_01.nsbmd,,,Dungeon - Wisdom (Room 1),uses multiple,,,,
dngn_wisdom_02,dngn_wisdom_02.nsbmd,,,Dungeon - Wisdom (Room 2),uses multiple,,,,
dngn_wisdom_03,dngn_wisdom_03.nsbmd,,,Dungeon - Wisdom (Room 3),uses multiple,,,,
dngn_wisdom_04,dngn_wisdom_04.nsbmd,,,Dungeon - Wisdom (Room 4),uses multiple,,,,
dngn_wisdom_05,dngn_wisdom_05.nsbmd,,,Dungeon - Wisdom (Room 5),uses multiple,,,,
dngn_wisdom_06,dngn_wisdom_06.nsbmd,,,Dungeon - Wisdom (Room 6),uses multiple,,,,
dngn_wisdom2_00,dngn_wisdom2_00.nsbmd,,,Dungeon - Wisdom 2 (Room 0),uses multiple,,,,
dngn_wisdom2_01,dngn_wisdom2_01.nsbmd,,,Dungeon - Wisdom 2 (Room 1),uses multiple,,,,
dngn_wisdom3_00,dngn_wisdom3_00.nsbmd,,,Dungeon - Wisdom 3 (Room 0),uses multiple,,,,
dngn_wisdom4_00,dngn_wisdom4_00.nsbmd,,,Dungeon - Wisdom 4 (Room 0),uses multiple,,,,
dngn-ghost_04,dngn_ghost_04.nsbmd,,Ghost Ship Room 4,Dungeon - Ghost (Room 4),uses multiple,,,,
dock,dock.nsbmd,,Gazpacho,Dock Worker,dock.nsbtx,,,,
dock_ext,bar_ext.nsbmd,,Mercay Dock,Dock - Exterior,bar_outside.nsbtx,,,,
dock_int,dock_int.nsbmd,,Mercay Dock Interior,Dock - Interior,uses multiple,,,,
dome_1_int,dome_1_int.nsbmd,,,Dome 1 - Interior,uses multiple,,,,
dome_2_int,dome_2_int.nsbmd,,,Dome 2 - Interior,uses multiple,,,,
dome_3_int,dome_3_int.nsbmd,,,Dome 3 - Interior,uses multiple,,,,
dome_4_int,dome_4_int.nsbmd,,,Dome 4 - Interior,uses multiple,,,,
dome_5_int,dome_5_int.nsbmd,,,Dome 5 - Interior,uses multiple,,,,
dome_6_int,dome_6_int.nsbmd,,,Dome 6 - Interior,uses multiple,,,,
dome_7_int,dome_7_int.nsbmd,,,Dome 7 - Interior,uses multiple,,,,
dome_8_int,dome_8_int.nsbmd,,,Dome 8 - Interior,uses multiple,,,,
dome_ext,bossdome_ext.nsbmd,,Anouki Igloo,Dome Exterior,bsdome_ext.nsbtx,,,,
door_dock,door_dock.nsbmd,,,Door - Dock,door_dock.nsbtx,,,,
door_flame,door_flame.nsbmd,,,Door - Flame,fl_tobria01.nsbtx,,,,
door_house,door_house.nsbmd,,,Door - House,locked_door.nsbtx,,,,
door_last,door_last.nsbmd,,,Door - Last,door_last.nsbtx,,,,
door_phantom,door_phantom.nsbmd,,,Door - Phantom,door_phantom.nsbtx,,,,
door_philos,door_philos.nsbmd,,,Door - Wisdom?,door_philos.nsbtx,,,,
door_pluck,door_pluck.nsbmd,,,Door - Courage,door_pluck_a.nsbtx,,,,
door_pluck_l,door_pluck_l.nsbmd,,,Door - Courage (Left),door_pluck_l.nsbtx,,,,
door_pluck_r,door_pluck_l.nsbmd,,,Door - Courage (Right),door_pluck_l.nsbtx,,,,
door_power_l,door_power_l.nsbmd,,,Door - Power (Left),door_power_l.nsbtx,,,,
door_power_r,door_power_l.nsbmd,,,Door - Power (Right),door_power_l.nsbtx,,,,
door_royal,door-royal.nsbmd,,,Door - Royal,door_royal.nsbtx,,,,
drum,drum.nsbmd,,,Drum,drum.nsbtx,,,,
e_door_a,e_door_a.nsbmd,,Sun Crest Door,Entity - Door A,e_door_a.nsbtx,,,,
e_door_b,e_door_b.nsbmd,,Moon Crest Door,Entity - Door B,e_door_b.nsbtx,,,,
e_ghost,e_ghost.nsbmd,,Ghost Ship Ghost,Entity - Ghost,e_ghost.nsbtx,,,,
ef_anun,ef_anun.nsbmd,,,Effect - Darkness,tex_nami.nsbtx,,,,
ef_hurricane,ef_hurricane.nsbmd,,,Effect - Hurricane,ef_hurricane01.nsbtx,,,,
ef_seatornado,ef_seatornado.nsbmd,,,Effect - Sea Tornado ,zdi_tornado9.001.nsbtx,,,,
ef_tornado,beamos_beam.nsbmd,,Ocean Tornado,,zdi_beamgrad1.nsbtx,,,,
ef_tornado_gdo1,ef_tornado_gdo1.nsbmd,,,,zdi_tornado9.001.nsbtx,,,,
ef_tornado1,ef_tornado1.nsbmd,,,Effect - Tornado 1,zdi_tornado9.001.nsbtx,,,,
ef_tornado2,beamos_beam.nsbmd,,Ocean Tornado (Small),,zdi_beamgrad1.nsbtx,,,,
ef_tornado2,ef_tornado2.nsbmd,,,Effect - Tornado 2,zdi_tornado9.001.nsbtx,,,,
ef_tornado3,ef_tornado3.nsbmd,,,Effect - Tornado 3,zdi_tornado9.001.nsbtx,,,,
emb_br,emb_br.nsbmd,,,Emblem - Brown,t_base.nsbtx,,,,
emb_in,emb_in.nsbmd,,,Emblem - Indigo,t_base.001.nsbtx,,,,
emb_pw,emb_pw.nsbmd,,,Emblem - Power,t_base.001.nsbtx,,,,
entrance_1,entrance_1.nsbmd,,,Entrance 1,uses multiple,,,,
entrance_2,entrance_2.nsbmd,,,Entrance 2,entrance_1.001.nsbtx,,,,
entrance_bomb,entrance_bomb.nsbmd,,,Entrance - Bomb,entrance_bomb.nsbtx,,,,
entrance_last,entrance_last.nsbmd,,,Entrance - Last,entrance_last.nsbtx,,,,
entrance_warp,entrance_warp.nsbmd,,,Entrance - Warp,entrance_warp.nsbtx,,,,
eye_switch,eye_switch.nsbmd,,,Eye Switch,eye_switch_1.nsbtx,,,,
eyepoint,eyepoint.nsbmd,,,Eyepoint,blackeye.001.nsbtx,,,,
f_door_flame,f_door_flame.nsbmd,,,Fairy Door - Flame,f_door_flame.nsbtx,,,,
f_door_ice,f_door_ice.nsbmd,,,Fairy Door - Ice,f_door_ice.nsbtx,,,,
f_door_philos,f_door_philos.nsbmd,,,Fairy Door - Philos,f_door_philos.nsbtx,,,,
f_door_pluck,f_door_pluck.nsbmd,,,Fairy Door - Pluck,f_door_pluck.nsbtx,,,,
f_door_power,f_door_power.nsbmd,,,Fairy Door - Power,f_door_power.nsbtx,,,,
f_door_wind,f_door_wind.nsbmd,,,Fairy Door - wind,f_door_wind.nsbtx,,,,
fadeplan,fadeplane.nsbmd,,,Fade Plane,t_fadeplane.nsbtx,,,,
fake_int,fake_int.nsbmd,,,Fake - Interior,fa_kabe01.nsbtx,,,,
fake_ship,fake_ship.nsbmd,,,Fake - Ship,fa_kabe01.nsbtx,,,,
Fbomb,Fbomb.nsbmd,,Bomb Flower,,Fbomb_f1.nsbtx,,,,
fence_a,fence_a.nsbmd,,,Fence A,fence.nsbtx,,,,
fence_b,fence_a.nsbmd,,,Fence B,fence.nsbtx,,,,
fence_c,fence_a.nsbmd,,,Fence C,fence.nsbtx,,,,
field_sea,field_sea.nsbmd,,,Field - Sea,SeaA.nsbtx,,,,
field1_e0_0,field1_e0_0.nsbmd,,,Field 1 - Entrance 0,field1_e0_0.nsbtx,,,,
fire_boss,fire_boss.nsbmd,,,Fire - Boss,fire_boss.nsbtx,,,,
fire_bossB,fire_bossB.nsbmd,,,Fire - Boss B,fire_bossB.nsbtx,,,,
fisher_int,fisher_int.nsbmd,,,Fisher - Interior,fi_desk1.nsbtx,,,,
fishman,fishman.nsbmd,,,Fishman,fishman.nsbtx,,,,
flame_ext,flame_ext.nsbmd,,,Flame - Exterior,fl_kabe01.nsbtx,,,,
flame_int,flame_int.nsbmd,,,Flame - Interior,flame_0.nsbtx,,,,
flapper,flapper.nsbmd,,,Flapper,fl_0.nsbtx,,,,
flashplane,flashplane.nsbmd,,,Flash Plane,t_spot.nsbtx,,,,
floor_auto,floor_auto.nsbmd,,,Floor - Auto,floor_auto.nsbtx,,,,
floor_float,floor_float.nsbtx,,,Floor - Float,floor_float.nsbtx,,,,
floor_icicle,floor_icicle.nsbmd,,,Floor - Icicle,spikefloor.001.nsbtx,,,,
floor_jump,floor_jump.nsbmd,,,Floor - Jump,floor_jump.nsbtx,,,,
floor_pen,floor_pen.nsbmd,,,Floor - Pen,floor_pen_1.nsbtx,,,,
flower1,flower1.nsbmd,,,Flower 1,plant1.nsbtx,,,,
force,bosskey.nsbmd,,,,bosskey1.001.nsbtx,,,,
fortune,fortune.nsbmd,,,Fortune,cloth.nsbtx,,,,
fortune_ext,fortune_ext.nsbmd,,,Fortune - Exterior,for_ext.nsbtx,,,,
fortune_int,fortune_int.nsbmd,,,Fortune - Interior,uses multiple,,,,
fp,fp.nsbmd,,,Fishing Pole,fp.nsbtx,,,,
fp_hook,fp.nsbmd,,,Fishing Pole - Hook,fp.nsbtx,,,,
frame,frame.nsbmd,,The Frame that Niko holds in the Intro,Frame,dummy.nsbtx,,,,
freeze_piece,freeze_piece.nsbmd,,Slippery Ice spot on the ground,Freeze Piece,zdf_freeze_piece.nsbtx,,,,
fuji,fuji.nsbmd,,,Fuji,fuji.nsbtx,,,,
g_frog,g_frog.nsbmd,,Golden Frog that swims around,Golden Frog,gf1.nsbtx,,,,
g_frog_b,g_frog_b.nsbmd,,Golden Frog holding a sign,Golden Frog,gf_b1.nsbtx,,,,
g_oybn,g_oybn.nsbmd,,Golden Frog Boss,Golden Frog,g_o1.nsbtx,,,,
Gareki_Ita,Gareki_Ita.nsbmd,,Ghost Ship Piece,,Gareki_Ita.nsbtx,,,,
Gareki_Kui,Gareki_Kui.nsbmd,,Ghost Ship Piece,,Gareki_Kui.nsbtx,,,,
gd_arrowpod,gd_arrowpod.nsbmd,,,Get Display - Arrow Pod,gd_arrowpod.nsbtx,,,,
gd_arrowpodL,gd_arrowpodL.nsbmd,,,Get Display - Arrow Pod - Large,gd_arrowpodL1.nsbtx,,,,
gd_arrowset,gd_arrowset.nsbmd,,,Get Display - Arrow Set,gd_arrowset.nsbtx,,,,
gd_bcbagL,gd_bcbagL.nsbmd,,,Get Display - Bombchu Bag - Large,bcbagL.nsbtx,,,,
gd_bcbagM,gd_bcbagM.nsbmd,,,Get Display - Bombchu Bag - Medium,bcbagM.nsbtx,,,,
gd_bmbagL,gd_bmbagL.nsbmd,,,Get Display - Bomb Bag - Large,bmbagL.nsbtx,,,,
gd_bmbagM,gd_bmbagM.nsbmd,,,Get Display - Bomb Bag - Medium,bmbagM.nsbtx,,,,
gd_bmset,gd_bmset.nsbmd,,,Get Display - Bomb Set,gd_bomb1.001.nsbtx,,,,
gd_bomb,gd_bomb.nsbmd,,,Get Display - Bomb,gd_bomb1.001.nsbtx,,,,
gd_bomchu,gd_bomchu.nsbmd,,,Get Display - Bombchu,gd_bomchu.nsbtx,,,,
gd_boomerang,gd_boomerang.nsbmd,,,Get Display - Boomerang,gd_Boomerang.nsbtx,,,,
gd_bosskey,gd_bosskey.nsbmd,,,Get Display - Boss Key,gd_bosskey1.nsbtx,,,,
gd_bow,gd_bow.nsbmd,,,Get Display - Bow,gd_bow.nsbtx,,,,
gd_card,gd_card.nsbmd,,,Get Display - Card,gd_card.nsbtx,,,,
gd_compass,gd_compass.nsbmd,,,Get Display - Compass,gd_compass1.nsbtx,,,,
gd_crown,gd_crown.nsbmd,,,Get Display - Crown,gd_crownA.nsbtx,,,,
gd_cstl_c,gd_cstl_c.nsbmd,,,Get Display - Crystal - Circle,gd_cstl_c.nsbtx,,,,
gd_cstl_s,gd_cstl_s.nsbmd,,,Get Display - Crystal - Square,gd_cstl_c.nsbtx,gd_cstl_k.001.nsbtx,,,
gd_cstl_t,gd_cstl_t.nsbmd,,,Get Display - Crystal - Triangle,gd_cstl_c.nsbtx,gd_cstl_k.001.nsbtx,,,
gd_force_b,gd_force_b.nsbmd,,,Get Display - Force - Blue,gd_force_b.nsbtx,,,,
gd_force_r,gd_force_r.nsbmd,,,Get Display - Force - Red,gd_force_r.nsbtx,,,,
gd_force_y,gd_force_y.nsbmd,,,Get Display - Force - Blue,gd_force_y.nsbtx,,,,
gd_fp,gd_fp.nsbmd,,,Get Display - Fishing rod,gd_fp.nsbtx,,,,
gd_hagaH,gd_hagaH.nsbmd,,Crimsonine,Get Display - Prize - Hot,gd_hagaH_A.nsbtx,,,,
gd_hagaK,gd_hagaK.nsbmd,,Azurine,Get Display - Prize - Cold,gd_hagaK_A.nsbtx,,,,
gd_hagaS,gd_hagaS.nsbmd,,Aquanine,Get Display - Prize - Submerged,gd_hagaS_A.nsbtx,,,,
gd_ham,gd_ham.nsbmd,,,Get Display - Hammer,gd_ham.nsbtx,,,,
gd_heart_utu,gd_heart_utu.nsbmd,,,Get Display - Heart - Life,gd_heart_utu1.nsbtx,,,,
gd_hourglass,gd_hourglass.nsbmd,,,Get Display - Hourglass,gd_glass.nsbtx,,,,
gd_key,gd_key.001.nsbmd,,,Get Display - Key,gd_key.001.nsbtx,,,,
gd_key,gd_key.nsbmd,,,Get Display - Key,gd_key.001.nsbtx,,,,
gd_key_gh,gd_key_gh.nsbmd,,,Get Display - Key - Ghost,gd_key_ghA.nsbtx,,,,
gd_key_ki,gd_key_ki.nsbmd,,,Get Display - Key - King,gd_key_kiA.nsbtx,,,,
gd_key_su,gd_key_su.nsbmd,,,Get Display - Key - Sun,gd_key_suA.nsbtx,,,,
gd_letter,gd_letter.nsbmd,,,Get Display - Letter,gd_letter.nsbtx,,,,
gd_lure,gd_lure.nsbmd,,,Get Display - Lure,gd_lure1.nsbtx,,,,
gd_makimono,gd_makimono.nsbmd,,,Get Display - Scroll,gd_makimono.nsbtx,,,,
gd_mapSea,gd_mapSea.nsbmd,,,Get Display - Map Sea,gd_mapSea.nsbtx,,,,
gd_mapTakara,gd_mapTakara.nsbmd,,,Get Display - Map Treasure,gd_mapTakara.nsbtx,,,,
gd_marron,gd_marron.nsbmd,,,Get Display - Marron,gd_marron.nsbtx,,,,
gd_minaC,gd_minaC.nsbmd,,,Get Display - Wisdon Gem,gd_minaC.nsbtx,,,,
gd_minaP,gd_minaP.nsbmd,,,Get Display - Power Gem,gd_minaP.nsbtx,,,,
gd_minaY,gd_minaY.nsbmd,,,Get Display - Courage Gem,gd_minaY.nsbtx,,,,
gd_mineral,gd_mineral.nsbmd,,,Get Display - Goron amber,gd_mineA.nsbtx,,,,
gd_neckl,gd_neckl.nsbmd,,,Get Display - Necklace,gd_necklA.nsbtx,,,,
gd_notebook,gd_notebook.nsbmd,,,Get Display - Notebook,gd_notebook.nsbtx,,,,
gd_perlA,gd_perlA.nsbmd,,,Get Display - Pearl A,gd_perlA00.nsbtx,,,,
gd_perlB,gd_perlB.nsbmd,,,Get Display - Pearl B,gd_perlB00.nsbtx,,,,
gd_rev_bin,gd_rev_bin.nsbmd,,,Get Display - Revival Bin,gd_rev_bin.001.nsbtx,gd_rev_bin.nsbtx,,,
gd_rev_binP,gd_rev_binP.nsbmd,,,Get Display - Revival Bin Purple,gd_rev_bin.001.nsbtx,,,,
gd_rev_binY,gd_rev_binY.nsbmd,,,Get Display - Revival Bin Yellow,gd_rev_bin.001.nsbtx,gd_rev_bin.002.nsbtx,,,
gd_ring,gd_ring.nsbmd,,,Get Display - Ring,gd_ringA.nsbtx,,,,
gd_rope,gd_rope.nsbmd,,,Get Display - Rope,gd_rope.nsbtx,,,,
gd_rupee_b,gd_rupee_b.nsbmd,,,Get Display - Rupee - Blue,gd_rupee_b.nsbtx,,,,
gd_rupee_bb,gd_rupee_bb.nsbmd,,,Get Display - Rupee- Black,gd_rupee_bb.nsbtx,,,,
gd_rupee_g,gd_rupee_g.nsbmd,,,Get Display - Rupee - Green,gd_rupee_g.nsbtx,,,,
gd_rupee_go,gd_rupee_go.nsbmd,,,Get Display - Rupee - Gold,gd_rupee_go.nsbtx,,,,
gd_rupee_r,gd_rupee_r.nsbmd,,,Get Display - Rupee - Red,gd_rupee_r.nsbtx,,,,
gd_sand_m,gd_sand_m.nsbmd,,,Get Display - Sand - Medium,gd_sandAM.nsbtx,,,,
gd_sango,gd_sango.nsbmd,,,Get Display - Coral,gd_sango.nsbtx,,,,
gd_scp,gd_scp.nsbmd,,,Get Display - Shovel,gd_scp1.nsbtx,,,,
gd_shA,gd_shA.nsbmd,,,Get Display - Shield A,gd_shA.nsbtx,,,,
gd_ship,gd_ship.nsbmd,,,Get Display - Ship,gd_ship.nsbtx,,,,
gd_ship02,gd_ship02.nsbmd,,,Get Display - Ship 2,gd_ship02.nsbtx,,,,
gd_slvarm,gd_slvarm.nsbmd,,,Get Display - Salvage Arm,gd_slvarm01.nsbtx,,,,
gd_swA,gd_swA.nsbmd,,,Get Display - Sword A,gd_swA.nsbtx,,,,
gd_swB,gd_swB.nsbmd,,,Get Display - Sword B,gd_swB_metalA.nsbtx,,,,
gd_swBedge,gd_swBedge.nsbmd,,,Get Display - Sword B - Edge,swBedgeA.001.nsbtx,,,,
gd_swBW,gd_swBW.nsbmd,,,Get Display - Sword B - White,swBW.nsbtx,,,,
gd_telescope,gd_telescope.nsbmd,,,Get Display - Telescope,gd_tel_b.nsbtx,,,,
gd_tic_ohome,gd_tic_ohome.nsbmd,,,Get Display - Ticket - Home,gd_tic_ohome.nsbtx,,,,
gd_tic_rare,gd_tic_rare.nsbmd,,,Get Display - Ticket - Rare,gd_tic_rare.nsbtx,,,,
gd_tic_tada,gd_tic_tada.nsbmd,,,Get Display - Ticket - Tada,gd_tic_tada.nsbtx,,,,
gd_uroko,gd_uroko.nsbmd,,,Get Display - Scale,gd_uroko1.nsbtx,,,,
gd_wing,gd_wing.nsbmd,,,Get Display - Wing,gd_wing.nsbtx,,,,
gdo_hd,gdo_hd.nsbmd,,,,blackeye.001.nsbtx,blackeye.nsbtx,,,
Gdo_Tntcl,Gdo_Tntcl.nsbmd,,Bellum Tentacle with Celia Wings?,,gdo3_tntcl_0.nsbtx,,,,
gdo1,gdo1.nsbmd,,,,gdo1_0.nsbtx,,,,
gdo2,gdo2.nsbmd,,,,gdo2.nsbtx,,,,
gel,gel.nsbmd,,,,gel.nsbtx,,,,
geyser_wall,geyser_wall.001.nsbmd,,,,geyser_wall.001.nsbtx,,,,
geyser_wall,geyser_wall.002.nsbmd,,,,geyser_wall.001.nsbtx,,,,
geyser_wall,geyser_wall.003.nsbmd,,,,geyser_wall.001.nsbtx,,,,
geyser_wall,geyser_wall.nsbmd,,,,geyser_wall.001.nsbtx,,,,
ghost,ghost.nsbmd,,,,ghost.nsbtx,,,,
ghost_mist,ghost_mist.nsbmd,,,,zdf_mist13.001.nsbtx,,,,
girl_a,girl_a.nsbmd,,,,girl_a.nsbtx,,,,
girl_b,girl_b.nsbmd,,,,girl_b.nsbtx,,,,
girl_c,girl_c.nsbmd,,,,girl_c.nsbtx,,,,
girl_d,girl_d.nsbmd,,,,girl_d.nsbtx,,,,
gliork_wave,gliork_wave.nsbmd,,,,H_awa.nsbtx,,,,
gliorkB,gliorkB.nsbmd,,,,gliorkB1_0.nsbtx,,,,
gliorkR,gliorkR.nsbmd,,,,gliorkR1_0.nsbtx,,,,
gonzo,gonzo.nsbmd,,,,gonzo.nsbtx,,,,
goron_1_int,goron_1_int.nsbmd,,,,g_kabe01.001.nsbtx,,,,
goron_2_int,goron_2_int.nsbmd,,,,g_kabe01.001.nsbtx,,,,
goron_3_int,goron_3_int.nsbmd,,,,g_kabe01.001.nsbtx,g_kabe01.002.nsbtx,,,
goron_4_int,goron_4_int.nsbmd,,,,g_kabe01.001.nsbtx,g_kabe01.002.nsbtx,g_kabe01.003.nsbtx,,
goron_5_int,goron_5_int.nsbmd,,,,g_kabe01.001.nsbtx,g_kabe01.002.nsbtx,g_kabe01.003.nsbtx,,
goron_ext,goron_ext.nsbmd,,,,entrance_1.001.nsbtx,entrance_1.002.nsbtx,,,
goron_int,goron_int.nsbmd,,,,gs_kabe01.nsbtx,,,,
goronboss_ext,goron_ext.nsbmd,,,,entrance_1.001.nsbtx,entrance_1.002.nsbtx,,,
gp_ship,gp_ship.nsbmd,,,,gp_ship.nsbtx,,,,
gr_c_a,gr_c_a.nsbmd,,,,gr_c_a.nsbtx,,,,
gr_c_b,gr_c_b.nsbmd,,,,gr_c_b.nsbtx,,,,
gr_m,gr_m.nsbmd,,,,gr_m_a.nsbtx,,,,
gr_maigo,gr_maigo.nsbmd,,,,gr_maigo.nsbtx,,,,
gr_ser,gr_ser.nsbmd,,,,gr_ser.nsbtx,,,,
gr_target,gr_target.nsbmd,,,,H_gr_target.nsbtx,,,,
grabe,grabe.nsbmd,,,,grabe.nsbtx,,,,
grabe_coffin,grabe_coffin.nsbmd,,,,H_gcoffin.nsbtx,,,,
gran_de_octa3,gran_de_octa3.001.nsbmd,,,,gdo3_1_0.nsbtx,,,,
gran_de_octa3,gran_de_octa3.nsbmd,,,,gdo3_1_0.nsbtx,,,,
GranBack,GranBack.nsbmd,,BellumBeck,,granB_eye.nsbtx,,,,
GranHalf,GranHalf.nsbmd,,Bellum Body,,granhalf.nsbtx,,,,
grass1,grass1.nsbmd,,,,grass1.nsbtx,,,,
grass2,grass1.nsbmd,,,,grass1.nsbtx,,,,
grass3,grass1.nsbmd,,,,grass1.nsbtx,,,,
guard_int,guard_int.nsbmd,,,,g_kabe01.001.nsbtx,g_kabe01.002.nsbtx,,,
gyorg,gyorg.001.nsbmd,,,,gyorg.nsbtx,,,,
gyorg,gyorg.nsbmd,,,,gyorg.nsbtx,,,,
h_loop,h_loop.nsbmd,,,,hl.nsbtx,,,,
haga_three,haga_three.nsbmd,,,,hagaTH_A.nsbtx,,,,
hagaH,hagaH.nsbmd,,,,hagaH.nsbtx,,,,
hagaK,hagaK.nsbmd,,,,hagaK.nsbtx,,,,
hagaS,hagaS.nsbmd,,,,hagaS.nsbtx,,,,
ham,arrow.nsbmd,,Hammer,Hammer,dsArrow.001.nsbtx,,,,
hamp,hamp.nsbmd,,,,hole.nsbtx,,,,
helmet,helmet.nsbmd,,,,helmet.nsbtx,,,,
hi_yougan,hi_yougan.nsbmd,,,,Hi_Hai.nsbtx,,,,
hinocks,hinocks.001.nsbmd,,,,dsArrow.001.nsbtx,dsArrow.nsbtx,,,
hinocks,hinocks.nsbmd,,,,dsArrow.001.nsbtx,dsArrow.nsbtx,,,
hl_mask,hl_mask.nsbmd,,,,hl_mask.nsbtx,,,,
ho,ho.001.nsbmd,,,,ho.001.nsbtx,ho.nsbtx,,,
ho,ho.nsbmd,,,,ho.001.nsbtx,ho.nsbtx,,,
hoho_int,hoho_int.nsbmd,,,,ho_chair.nsbtx,,,,
hole_warp,hole_warp.nsbmd,,,,hole_warp.nsbtx,,,,
hook,hook.nsbmd,,,,hook.nsbtx,,,,
house,house.nsbmd,,,,other.nsbtx,,,,
house1,house1.nsbmd,,,,slala_deco.nsbtx,,,,
house2,house1.nsbmd,,,,slala_deco.nsbtx,,,,
house3,house3.nsbmd,,,,for_ext.nsbtx,,,,
house4,house3.nsbmd,,,,for_ext.nsbtx,,,,
house5,bar_ext.nsbmd,,,House 5,bar_outside.nsbtx,,,,
huigo,huigo.001.nsbmd,,,,huigo.nsbtx,,,,
huigo,huigo.nsbmd,,,,huigo.nsbtx,,,,
husband,husband.001.nsbmd,,,,husband.nsbtx,,,,
husband,husband.nsbmd,,,,husband.nsbtx,,,,
i_door,i_door.nsbmd,,,,i_door.nsbtx,,,,
ice,ice.nsbmd,,,,H_ice.nsbtx,,,,
ice_bossshutter,boss_ice_dis.nsbmd,,,Ice Boss Shutter,H_etc.nsbtx,,,,
ice_door,ice_door.nsbmd,,,,H_door03.nsbtx,,,,
ice_ext,ice_ext.nsbmd,,,,H_ice_exit.nsbtx,,,,
iceberg,iceberg.nsbmd,,,,iceberg.nsbtx,,,,
icicle,icicle.nsbmd,,,,icicle.nsbtx,,,,
inhale,inhale.nsbmd,,,,zdf_tornado04.001.nsbtx,,,,
inhale_wboss,inhale_wboss.nsbmd,,,,zdf_tornado04.001.nsbtx,,,,
is_dead,is_dead.nsbmd,,,,dead_ground.nsbtx,,,,
is_flame,is_flame.nsbmd,,,,flame_foot.nsbtx,,,,
is_goron,is_goron.nsbmd,,,,goron_cliff.nsbtx,,,,
is_hermit,is_hermit.nsbmd,,,,hermit_0.nsbtx,,,,
is_ice,is_ice.nsbmd,,,,H_etc.003.nsbtx,ice_obj.nsbtx,,,
is_left,is_left.nsbmd,,,,left_field.nsbtx,,,,
is_main,is_main.nsbmd,,,,main_beach.nsbtx,,,,
is_maze,is_maze.nsbmd,,,,H_circle.nsbtx,H_etc.001.nsbtx,H_etc.002.nsbtx,,
is_nitro,is_nitro.nsbmd,,,,nitro_2.nsbtx,,,,
is_oyabun,is_oyabun.nsbmd,,,,H_circle.nsbtx,H_etc.001.nsbtx,H_etc.003.nsbtx,,
is_philos1,is_philos1.nsbmd,,,,dead_ground.nsbtx,philos_fall.nsbtx,,,
is_philos2,is_philos2.nsbmd,,,,dead_ground.nsbtx,philos_fall.nsbtx,,,
is_pluck,is_pluck.nsbmd,,,,pluck_cliff.nsbtx,,,,
is_shrine,is_shrine.nsbmd,,,,is_shrine_0.nsbtx,,,,
is_torii,is_torii.nsbmd,,,,torii_field.nsbtx,,,,
is_treasure,is_treasure.nsbmd,,,,H_circle.nsbtx,H_etc.001.nsbtx,,,
is_wind,is_wind.nsbmd,,,,wind_cliff.nsbtx,,,,
isle_first_00,isle_first_00.nsbmd,,,,dungeon0_w0.001.nsbtx,field1_c0.001.nsbtx,,,
isle_first_01,isle_first_01.nsbmd,,,,dungeon0_w0.001.nsbtx,field1_c0.001.nsbtx,,,
isle_first_02,isle_first_02.nsbmd,,,,dungeon0_w0.001.nsbtx,field1_c0.001.nsbtx,,,
isle_first_03,isle_first_03.nsbmd,,,,dungeon0_w0.001.nsbtx,dungeon8_f0_1.003.nsbtx,dungeon9_w0.nsbtx,field1_c0.001.nsbtx,
isle_flame_00,isle_flame_00.nsbmd,,,,dungeon0_f0.001.nsbtx,dungeon0_s0.001.nsbtx,field1_c0.001.nsbtx,field2_f0_1.nsbtx,
isle_flame_01,isle_flame_01.nsbmd,,,,dungeon0_f0.001.nsbtx,dungeon0_s0.001.nsbtx,field1_c0.001.nsbtx,field2_f0_1.nsbtx,
isle_flame_10,isle_flame_10.nsbmd,,,,dungeon0_f0.001.nsbtx,,,,
isle_flame_11,isle_flame_11.nsbmd,,,,dungeon0_f0.001.nsbtx,,,,
isle_flame_12,isle_flame_12.nsbmd,,,,dungeon0_f0.001.nsbtx,,,,,,,,,,
isle_flame_20,isle_flame_20.nsbmd,,,,dungeon0_f0.001.nsbtx,dungeon9_f0.001.nsbtx,,,,,,,,,
isle_hidari_00,isle_hidari_00.nsbmd,,,,dungeon8_f0_1.003.nsbtx,dungeon9_w0.nsbtx,field1_c0.001.nsbtx,field1_f0_0.001.nsbtx,field6_s0.nsbtx,,,,,,
isle_hidari_01,isle_hidari_01.nsbmd,,,,dungeon0_f0.001.nsbtx,,,,,,,,,,
isle_hidari_10,isle_hidari_10.nsbmd,,,,dungeon0_f0.001.nsbtx,dungeon0_s0.001.nsbtx,,,,,,,,,
isle_ice_00,isle_ice_00.nsbmd,,,,H_etc.003.nsbtx,island0_c0.nsbtx,,,,,,,,,
isle_main_00,isle_main_00.nsbmd,,Mercay Island (Bottom-left section),,field1_c0.001.nsbtx,field1_f0_0.001.nsbtx,,,,,,,,,
isle_main_01,isle_main_01.nsbmd,,Mercay Island (Top-left section),,dungeon0_s0.001.nsbtx,field1_c0.001.nsbtx,field1_f0_0.001.nsbtx,,,,,,,,
isle_main_02,isle_main_02.nsbmd,,Mercay Island (Top-right section),,dungeon0_s0.001.nsbtx,dungeon2_f0.001.nsbtx,field1_c0.001.nsbtx,field1_f0_0.001.nsbtx,,,,,,,
isle_main_03,isle_main_03.nsbmd,,Mercay Island (Bottom-right section),,dungeon8_f0_1.003.nsbtx,dungeon9_w0.nsbtx,field1_c0.001.nsbtx,field1_f0_0.001.nsbtx,,,,,,,
isle_main_10,isle_main_10.nsbmd,,,,dungeon0_f0.001.nsbtx,,,,,,,,,,
isle_main_11,isle_main_11.nsbmd,,,,dungeon0_f0.001.nsbtx,,,,,,,,,,
isle_main_12,isle_main_12.nsbmd,,,,dungeon0_f0.001.nsbtx,,,,,,,,,,
isle_main_13,isle_main_13.nsbmd,,,,dungeon0_f0.001.nsbtx,,,,,,,,,,
isle_main_14,isle_main_14.nsbmd,,,,dungeon0_f0.001.nsbtx,,,,,,,,,,
isle_main_15,isle_main_15.nsbmd,,,,dungeon0_f0.001.nsbtx,,,,,,,,,,
isle_main_16,isle_main_16.nsbmd,,,,dungeon0_f0.001.nsbtx,dungeon0_s0.001.nsbtx,dungeon6_g0.nsbtx,dungeon9_w0.nsbtx,,,,,,,
isle_main_17,isle_main_17.nsbmd,,,,dungeon0_f0.001.nsbtx,,,,,,,,,,
isle_main_18,isle_main_18.nsbmd,,,,dungeon0_f0.001.nsbtx,dungeon0_s0.001.nsbtx,dungeon6_g0.nsbtx,dungeon9_w0.nsbtx,,,,,,,
isle_main_19,isle_main_19.nsbmd,,,,dungeon0_f0.001.nsbtx,dungeon0_s0.001.nsbtx,dungeon6_g0.nsbtx,,,,,,,,
isle_myou_00,isle_myou_00.nsbmd,,,,dungeon0_s0.001.nsbtx,field1_c0.001.nsbtx,field1_f0_0.001.nsbtx,field1_f0_0.002.nsbtx,field9_f0.001.nsbtx,,,,,,
isle_myou_01,isle_myou_01.nsbmd,,,,dungeon0_f0.001.nsbtx,,,,,,,,,,
isle_myou_02,isle_myou_02.nsbmd,,,,dungeon0_f0.001.nsbtx,dungeon0_s0.001.nsbtx,,,,,,,,,
isle_myou_03,isle_myou_03.nsbmd,,,,dungeon0_f0.001.nsbtx,dungeon0_s0.001.nsbtx,dungeon10_s0.nsbtx,dungeon8_f0_1.001.nsbtx,dungeon8_f0_1.002.nsbtx,,,,,,
isle_myou_04,isle_myou_04.nsbmd,,,,dungeon0_f0.001.nsbtx,dungeon8_f0_1.001.nsbtx,,,,,,,,,
isle_myou_05,isle_myou_05.nsbmd,,,,dungeon0_f0.001.nsbtx,dungeon8_f0_1.001.nsbtx,,,,,,,,,
isle_myou_06,isle_myou_06.nsbmd,,,,dungeon0_f0.001.nsbtx,dungeon8_f0_1.001.nsbtx,,,,,,,,,
isle_myou_07,isle_myou_07.nsbmd,,,,dungeon0_f0.001.nsbtx,dungeon8_f0_1.001.nsbtx,,,,,,,,,
isle_myou_08,isle_myou_08.nsbmd,,,,dungeon0_f0.001.nsbtx,dungeon8_f0_1.001.nsbtx,,,,,,,,,
isle_myou_09,isle_myou_09.nsbmd,,,,dungeon0_f0.001.nsbtx,dungeon8_f0_1.001.nsbtx,,,,,,,,,
isle_myou_10,isle_myou_10.nsbmd,,,,dungeon0_f0.001.nsbtx,dungeon0_s0.001.nsbtx,dungeon2_f0.001.nsbtx,dungeon8_f0_1.001.nsbtx,,,,,,,
isle_pluck_00,isle_pluck_00.nsbmd,,,,field1_c0.001.nsbtx,field1_f0_0.001.nsbtx,field1_f0_0.002.nsbtx,field4_c0.nsbtx,,,,,,,
isle_pluck_01,isle_pluck_01.nsbmd,,,,dungeon2_f0.001.nsbtx,field1_c0.001.nsbtx,field1_f0_0.001.nsbtx,field4_c0.nsbtx,,,,,,,
isle_pluck_10,isle_pluck_10.nsbmd,,,,dungeon0_f0.001.nsbtx,dungeon0_s0.001.nsbtx,dungeon6_g0.nsbtx,dungeon9_f0.001.nsbtx,dungeon9_w0.nsbtx,,,,,,
isle_pluck_11,isle_pluck_11.nsbmd,,,,dungeon0_f0.001.nsbtx,,,,,,,,,,
isle_pluck_12,isle_pluck_12.nsbmd,,,,dungeon0_f0.001.nsbtx,,,,,,,,,,
isle_pluck_13,isle_pluck_13.nsbmd,,,,dungeon0_f0.001.nsbtx,,,,,,,,,,
isle_pluck_14,isle_pluck_14.nsbmd,,,,dungeon0_f0.001.nsbtx,,,,,,,,,,
isle_pluck_15,isle_pluck_15.nsbmd,,,,dungeon0_f0.001.nsbtx,dungeon9_f0.001.nsbtx,,,,,,,,,
isle_power_00,isle_power_00.nsbmd,,,,dungeon0_s0.001.nsbtx,dungeon2_f0.001.nsbtx,field1_c0.001.nsbtx,field1_f0_0.001.nsbtx,field8_g0.001.nsbtx,,,,,,
isle_power_01,isle_power_01.nsbmd,,,,dungeon7_g0.nsbtx,field1_c0.001.nsbtx,field1_f0_0.001.nsbtx,field8_g0.001.nsbtx,,,,,,,
isle_power_02,isle_power_02.nsbmd,,,,dungeon0_s0.001.nsbtx,dungeon8_f0_1.003.nsbtx,dungeon9_w0.nsbtx,field1_c0.001.nsbtx,field8_g0.001.nsbtx,,,,,,
isle_power_03,isle_power_03.nsbmd,,,,dungeon0_s0.001.nsbtx,field1_c0.001.nsbtx,field8_g0.001.nsbtx,,,,,,,,
isle_power_10,isle_power_10.nsbmd,,,,dungeon0_f0.001.nsbtx,,,,,,,,,,
isle_power_11,isle_power_11.nsbmd,,,,dungeon0_f0.001.nsbtx,,,,,,,,,,
isle_power_12,isle_power_12.nsbmd,,,,dungeon0_f0.001.nsbtx,,,,,,,,,,
isle_power_13,isle_power_13.nsbmd,,,,dungeon0_f0.001.nsbtx,,,,,,,,,,
isle_power_14,isle_power_14.nsbmd,,,,dungeon0_f0.001.nsbtx,,,,,,,,,,
isle_power_15,isle_power_15.nsbmd,,,,dungeon0_f0.001.nsbtx,,,,,,,,,,
isle_power_20,isle_power_20.nsbmd,,,,dungeon0_f0.001.nsbtx,,,,,,,,,,
isle_shrine_00,isle_shrine_00.nsbmd,,,,dungeon0_s0.001.nsbtx,dungeon2_f0.001.nsbtx,field1_c0.001.nsbtx,field5_g0.001.nsbtx,field5_g0.002.nsbtx,,,,,,
isle_shrine_01,isle_shrine_01.nsbmd,,,,dungeon0_f0.001.nsbtx,dungeon0_s0.001.nsbtx,field1_c0.001.nsbtx,field1_f0_0.001.nsbtx,field1_f0_0.002.nsbtx,,,,,,
isle_small1_00,isle_small1_00.nsbmd,,,,dungeon2_f0.001.nsbtx,field1_c0.001.nsbtx,field1_f0_0.001.nsbtx,field1_f0_0.002.nsbtx,,,,,,,
isle_small2_00,isle_small2_00.nsbmd,,,,agyl_portable.nsbtx,dungeon0_s0.001.nsbtx,dungeon2_f0.001.nsbtx,dungeon9_f0.001.nsbtx,field1_c0.001.nsbtx,field1_f0_0.001.nsbtx,field1_f0_0.002.nsbtx,field1_f0_0.003.nsbtx,,,
isle_small3_00,isle_small3_00.nsbmd,,,Uncharted Island,dungeon0_s0.001.nsbtx,field1_c0.001.nsbtx,field5_g0.001.nsbtx,,,,,,,,
isle_small3_10,isle_small3_10.nsbmd,,,,dungeon0_f0.001.nsbtx,dungeon0_s0.001.nsbtx,dungeon9_w0.nsbtx,,,,,,,,
isle_small3_11,isle_small3_11.nsbmd,,,,dungeon0_f0.001.nsbtx,dungeon0_s0.001.nsbtx,dungeon6_g0.nsbtx,dungeon9_w0.nsbtx,,,,,,,
isle_small5_00,isle_small5_00.nsbmd,,,,dungeon0_s0.001.nsbtx,dungeon8_f0_1.003.nsbtx,dungeon9_w0.nsbtx,field1_c0.001.nsbtx,field1_f0_0.001.nsbtx,field8_g0.001.nsbtx,,,,,
isle_small5_10,isle_small5_10.nsbmd,,,,dungeon0_s0.001.nsbtx,dungeon8_f0_1.003.nsbtx,dungeon9_w0.nsbtx,field1_c0.001.nsbtx,field1_f0_0.001.nsbtx,field8_g0.001.nsbtx,field8_g0.002.nsbtx,,,,
isle_torii_00,isle_torii_00.nsbmd,,,,dungeon0_s0.001.nsbtx,dungeon2_f0.001.nsbtx,field1_c0.001.nsbtx,field1_f0_0.001.nsbtx,field1_f0_0.002.nsbtx,,,,,,
isle_torii_10,isle_torii_10.nsbmd,,,,dungeon0_f0.001.nsbtx,,,,,,,,,,
isle_torii_11,isle_torii_11.nsbmd,,,,dungeon0_f0.001.nsbtx,,,,,,,,,,
isle_water_00,isle_water_00.nsbmd,,,,dungeon0_s0.001.nsbtx,dungeon2_f0.001.nsbtx,dungeon8_f0_1.003.nsbtx,dungeon9_w0.nsbtx,field1_c0.001.nsbtx,field7_f0.nsbtx,,,,,
isle_water_01,isle_water_01.nsbmd,,,,field1_c0.001.nsbtx,field7_f0.nsbtx,,,,,,,,,
isle_water_02,isle_water_02.nsbmd,,,,field1_c0.001.nsbtx,field7_f0.nsbtx,,,,,,,,,
isle_water_03,isle_water_03.nsbmd,,,,dungeon0_s0.001.nsbtx,dungeon2_f0.001.nsbtx,field1_c0.001.nsbtx,field7_f0.nsbtx,,,,,,,
isle_water_10,isle_water_10.nsbmd,,,,dungeon0_f0.001.nsbtx,field7_f0.nsbtx,,,,,,,,,
isle_water_11,isle_water_11.nsbmd,,,,dungeon0_f0.001.nsbtx,dungeon5_s0.001.nsbtx,,,,,,,,,
isle_water_12,isle_water_12.nsbmd,,,,dungeon0_f0.001.nsbtx,dungeon5_s0.001.nsbtx,,,,,,,,,
isle_water_13,isle_water_13.nsbmd,,,,dungeon0_f0.001.nsbtx,,,,,,,,,,
isle_water_14,isle_water_14.nsbmd,,,,dungeon0_f0.001.nsbtx,dungeon5_s0.001.nsbtx,,,,,,,,,
isle_water_15,isle_water_15.nsbmd,,,,dungeon0_f0.001.nsbtx,dungeon5_s0.001.nsbtx,,,,,,,,,
isle_water_16,isle_water_16.nsbmd,,,,dungeon0_f0.001.nsbtx,dungeon5_s0.001.nsbtx,,,,,,,,,
isle_water_17,isle_water_17.nsbmd,,,,dungeon0_f0.001.nsbtx,dungeon5_s0.001.nsbtx,,,,,,,,,
isle_water_18,isle_water_18.nsbmd,,,,dungeon0_f0.001.nsbtx,dungeon5_s0.001.nsbtx,,,,,,,,,
isle_water_19,isle_water_19.nsbmd,,,,dungeon0_f0.001.nsbtx,field7_f0.nsbtx,,,,,,,,,
isle_wind_00,isle_wind_00.nsbmd,,,,dungeon0_s0.001.nsbtx,field1_c0.001.nsbtx,field5_g0.001.nsbtx,field5_g0.002.nsbtx,,,,,,,
isle_wind_01,isle_wind_01.nsbmd,,,,dungeon0_s0.001.nsbtx,dungeon2_f0.001.nsbtx,field1_c0.001.nsbtx,field5_g0.001.nsbtx,field5_g0.002.nsbtx,,,,,,
isle_wind_10,isle_wind_10.nsbmd,,,,dungeon0_f0.001.nsbtx,field5_g0.001.nsbtx,,,,,,,,,
isle_wind_11,isle_wind_11.nsbmd,,,,dungeon0_f0.001.nsbtx,dungeon0_s0.001.nsbtx,dungeon9_w0.nsbtx,,,,,,,,
isle_wisdom_00,isle_wisdom_00.nsbmd,,,,dungeon0_s0.001.nsbtx,dungeon2_f0.001.nsbtx,field1_c0.001.nsbtx,field1_f0_0.001.nsbtx,field9_f0.001.nsbtx,field9_f0.002.nsbtx,,,,,
isle_wisdom_01,isle_wisdom_01.nsbmd,,,,dungeon0_s0.001.nsbtx,dungeon2_f0.001.nsbtx,field1_c0.001.nsbtx,field1_f0_0.001.nsbtx,field9_f0.001.nsbtx,field9_f0.002.nsbtx,,,,,
isle_wisdom_02,isle_wisdom_02.nsbmd,,,,dungeon0_s0.001.nsbtx,dungeon2_f0.001.nsbtx,field1_c0.001.nsbtx,field1_f0_0.001.nsbtx,field9_f0.001.nsbtx,field9_f0.002.nsbtx,,,,,
isle_wisdom_03,isle_wisdom_03.nsbmd,,,,field1_c0.001.nsbtx,field9_f0.001.nsbtx,field9_f0.002.nsbtx,,,,,,,,
isle_wisdom_10,isle_wisdom_10.nsbmd,,,,dungeon0_f0.001.nsbtx,dungeon0_s0.001.nsbtx,dungeon6_g0.nsbtx,dungeon9_w0.nsbtx,,,,,,,
isle_wisdom_11,isle_wisdom_11.nsbmd,,,,dungeon0_f0.001.nsbtx,field9_f0.002.nsbtx,,,,,,,,,
isle_wisdom2_00,isle_wisdom2_00.nsbmd,,,,dungeon0_s0.001.nsbtx,dungeon2_f0.001.nsbtx,field1_c0.001.nsbtx,field1_f0_0.001.nsbtx,field9_f0.001.nsbtx,field9_f0.002.nsbtx,field9_f0.003.nsbtx,,,,
isle_wisdom2_01,isle_wisdom2_01.nsbmd,,,,dungeon0_s0.001.nsbtx,dungeon2_f0.001.nsbtx,field1_c0.001.nsbtx,field1_f0_0.001.nsbtx,field9_f0.001.nsbtx,field9_f0.002.nsbtx,field9_f0.003.nsbtx,,,,
isle_wisdom2_02,isle_wisdom2_02.nsbmd,,,,dungeon0_s0.001.nsbtx,dungeon2_f0.001.nsbtx,dungeon8_f0_1.003.nsbtx,dungeon9_w0.nsbtx,field1_c0.001.nsbtx,field1_f0_0.001.nsbtx,field1_f0_0.002.nsbtx,field9_f0.001.nsbtx,field9_f0.002.nsbtx,field9_f0.003.nsbtx
isle_wisdom2_03,isle_wisdom2_03.nsbmd,,,,dungeon0_s0.001.nsbtx,dungeon2_f0.001.nsbtx,field1_c0.001.nsbtx,field1_f0_0.001.nsbtx,field1_f0_0.002.nsbtx,field9_f0.001.nsbtx,field9_f0.002.nsbtx,field9_f0.003.nsbtx,,,
isle_wisdom2_10,isle_wisdom2_10.nsbmd,,,,dungeon0_f0.001.nsbtx,dungeon0_s0.001.nsbtx,dungeon6_g0.nsbtx,dungeon9_w0.nsbtx,,,,,,,
isle_wisdom2_11,isle_wisdom2_11.nsbmd,,,,dungeon0_f0.001.nsbtx,field9_f0.001.nsbtx,field9_f0.002.nsbtx,,,,,,,,
isle_wizard_00,isle_wizard_00.nsbmd,,,,dungeon0_s0.001.nsbtx,field1_c0.001.nsbtx,field1_f0_0.001.nsbtx,,,,,,,,
isle_wizard_10,isle_wizard_10.nsbmd,,,,dungeon0_f0.001.nsbtx,,,,,,,,,,
ita_tetra,ita_tetra.nsbmd,,,,tetra_fix.nsbtx,,,,,,,,,,
itemflower,itemflower.nsbmd,,,,itemf_reef.nsbtx,,,,,,,,,,
itmman,itmman.nsbmd,,,,guiter.nsbtx,,,,,,,,,,
j_door_close,j_door_close.nsbmd,,,,j_door.nsbtx,,,,,,,,,,
j_door_open,j_door_close.nsbmd,,,,j_door.nsbtx,,,,,,,,,,
judge,judge.001.nsbmd,,,,jg_eye_0.001.nsbtx,,,,
judge,judge.002.nsbmd,,,,jg_eye_0.001.nsbtx,,,,,,,,,,,,
judge,judge.nsbmd,,,,jg_eye_0.001.nsbtx,,,,,,,,,,,,
judge_ext,bar_ext.nsbmd,,,Judge - Exterior,bar_outside.nsbtx,,,,
judge_int,judge_int.nsbmd,,,,judge_floor.nsbtx,,,,,,,,,,,,
junk_ext,junk_ext.nsbmd,,,,j_kabe01.nsbtx,,,,,,,,,,,,
junk_l_int,junk_l_int.nsbmd,,,,junk_l_cannon.nsbtx,,,,,,,,,,,,
junk_r_int,junk_l_int.nsbmd,,,,junk_l_cannon.nsbtx,,,,,,,,,,,,
k_door,k_door.nsbmd,,,,k_door.nsbtx,,,,,,,,,,,,
kamome,kamome.nsbmd,,,,kamome.nsbtx,,,,,,,,,,,,
kanban,kanban.nsbmd,,,,kanban.nsbtx,,,,,,,,,,,,
kanbanB,kanban.nsbmd,,,,kanban.nsbtx,,,,,,,,,,,,
kashi,kashi.nsbmd,,,,kashi.nsbtx,,,,,,,,,,,,
keeth,keeth.nsbmd,,,,ks_0.nsbtx,,,,,,,,,,,,
key,key.nsbmd,,,,key.nsbtx,,,,,,,,,,,,
key_gh,key_gh.nsbmd,,,,key_gh.nsbtx,,,,,,,,,,,,
kj,kj.nsbmd,,,,kj1.nsbtx,,,,,,,,,,,,
knight,knight.nsbmd,,,,knight_0.nsbtx,,,,,,,,,,,,
kokko,kokko.nsbmd,,,,kokko_1.nsbtx,,,,,,,,,,,,
kt,kt.nsbmd,,,,kt1.nsbtx,,,,,,,,,,,,
l_door,l_door.nsbmd,,,,l_door.nsbtx,,,,,,,,,,,,
last_so,last_so.nsbmd,,,,seaone.001.nsbtx,,,,,,,,,,,,
lb,lb.nsbmd,,,,lb_eye.nsbtx,lb_eye_0.nsbtx,,,,,,,,,,,
lb_box,lb_box.nsbmd,,,,box_lb.nsbtx,,,,,,,,,,,,
LB1_Hasira,LB1_Hasira.nsbmd,,Bellum Phase 1 Pillar,Last Boss 1 Pillar,OBJ_LB1Hasira.nsbtx,,,,
LB1_Huta,boss_final1st.nsbmd,,Exit Staircase Block,Last Boss 1 Lid,LB1_Enkei.nsbtx,,,,
LB1_Zouge,LB1_Zouge.nsbmd,,Bellum Phase 1 Pillar Statue,Last Boss 1 Ivory(?),LB1_Enkei.nsbtx,,,,
LB1_Zouges,boss_final1st.nsbmd,,Bellum Phase 1 Pillar Statues,Last Boss 1 Ivories (?),LB1_Enkei.nsbtx,,,,
LB1Kaidan,boss_final1st.nsbmd,,Bellum Phase 1 Stairs,Last Boss 1 Stairs,LB1_Enkei.nsbtx,,,,
lg,lg.nsbmd,,,,lg1.nsbtx,,,,,,,,,,,,
likelike,likelike.nsbmd,,,,likelike_0.nsbtx,,,,,,,,,,,,
lineback_dem,lineback_dem.nsbmd,,,,li_con.001.nsbtx,,,,,,,,,,,,
lineback_int,lineback_int.nsbmd,,,,li_con.001.nsbtx,,,,,,,,,,,,
linedead,linedead.nsbmd,,,,lb_eye.nsbtx,,,,,,,,,,,,
link_model,link_model.001.nsbmd,,,,dsArrow.001.nsbtx,dsSWA.nsbtx,eyeL_0.002.nsbtx,,,,,,,,,,
link_model,link_model.002.nsbmd,,,,dsArrow.001.nsbtx,dsSWA.nsbtx,eyeL_0.002.nsbtx,,,,,,,,,,
link_model,link_model.003.nsbmd,,,,dsArrow.001.nsbtx,dsSWA.nsbtx,eyeL_0.002.nsbtx,,,,,,,,,,
link_model,link_model.nsbmd,,,,dsArrow.001.nsbtx,dsSWA.nsbtx,eyeL_0.002.nsbtx,,,,,,,,,,
link_model_blue,link_model_blue.001.nsbmd,,,,dsArrow.001.nsbtx,dsSWA.nsbtx,eyeL_0.001.nsbtx,,,,,,,,,,
link_model_blue,link_model_blue.002.nsbmd,,,,dsArrow.001.nsbtx,dsSWA.nsbtx,eyeL_0.001.nsbtx,,,,,,,,,,
link_model_blue,link_model_blue.003.nsbmd,,,,dsArrow.001.nsbtx,dsSWA.nsbtx,eyeL_0.001.nsbtx,,,,,,,,,,
link_model_blue,link_model_blue.nsbmd,,,,dsArrow.001.nsbtx,dsSWA.nsbtx,eyeL_0.001.nsbtx,,,,,,,,,,
link_model_red,link_model_blue.001.nsbmd,,,,dsArrow.001.nsbtx,dsSWA.nsbtx,eyeL_0.001.nsbtx,,,,,,,,,,
link_model_red,link_model_blue.002.nsbmd,,,,dsArrow.001.nsbtx,dsSWA.nsbtx,eyeL_0.001.nsbtx,,,,,,,,,,
link_model_red,link_model_blue.003.nsbmd,,,,dsArrow.001.nsbtx,dsSWA.nsbtx,eyeL_0.001.nsbtx,,,,,,,,,,
link_model_red,link_model_blue.nsbmd,,,,dsArrow.001.nsbtx,dsSWA.nsbtx,eyeL_0.001.nsbtx,,,,,,,,,,
link_model_S,link_model.001.nsbmd,,,,dsSWA.nsbtx,,,,,,,,,,,,
link_model_S,link_model.002.nsbmd,,,,dsSWA.nsbtx,,,,,,,,,,,,
link_model_S,link_model.003.nsbmd,,,,dsSWA.nsbtx,,,,,,,,,,,,
link_model_S,link_model.nsbmd,,,,dsSWA.nsbtx,,,,,,,,,,,,
link_model_sea,link_model_sea.001.nsbmd,,,,dsSWA.nsbtx,,,,,,,,,,,,
link_model_sea,link_model_sea.nsbmd,,,,dsArrow.001.nsbtx,dsSWA.nsbtx,eyeL_0.002.nsbtx,,,,,,,,,,
lump,lump.nsbmd,,,,lump.nsbtx,,,,,,,,,,,,
main_beach,main_beach.nsbmd,,,,Kabe.nsbtx,,,,,,,,,,,,
main_east_int,main_east_int.nsbmd,,,,w_floor.nsbtx,,,,,,,,,,,,
main_ext,main_ext.nsbmd,,,,main_0.nsbtx,,,,,,,,,,,,
main_int,main_int.nsbmd,,,,main_int_0.nsbtx,,,,,,,,,,,,
main_west_int,main_west_int.nsbmd,,,,main_w_desk.nsbtx,,,,,,,,,,,,
map,map.nsbmd,,,,map.nsbtx,,,,,,,,,,,,
map_sauzu,map_sauzu.nsbmd,,,,map_sauzu.nsbtx,,,,,,,,,,,,
map_sunkey,map_sunkey.nsbmd,,,,map_sun_stone.nsbtx,,,,,,,,,,,,
maskB,maskB.nsbmd,,,,maskB_0.nsbtx,,,,,,,,,,,,
maskR,maskR.nsbmd,,,,maskR_0.nsbtx,,,,,,,,,,,,
massive_eye,massive_eye.nsbmd,,,,me1.nsbtx,,,,,,,,,,,,
mer,mer.nsbmd,,,,letter.001.nsbtx,letter.nsbtx,,,,,,,,,,,
mg,mg.nsbmd,,,,mg1.nsbtx,,,,,,,,,,,,
miniblocks,miniblocks.001.nsbmd,,,,miniblocks.001.nsbtx,,,,,,,,,,,,
miniblocks,miniblocks.002.nsbmd,,,,miniblocks.001.nsbtx,,,,,,,,,,,,
miniblocks,miniblocks.003.nsbmd,,,,miniblocks.001.nsbtx,,,,,,,,,,,,
miniblocks,miniblocks.nsbmd,,,,miniblocks.001.nsbtx,,,,,,,,,,,,
miniblocks1,miniblocks.001.nsbmd,,,,miniblocks.001.nsbtx,,,,,,,,,,,,
miniblocks1,miniblocks.002.nsbmd,,,,miniblocks.001.nsbtx,,,,,,,,,,,,
miniblocks1,miniblocks.003.nsbmd,,,,miniblocks.001.nsbtx,,,,,,,,,,,,
miniblocks1,miniblocks.nsbmd,,,,miniblocks.001.nsbtx,,,,,,,,,,,,
miniblocks2,miniblocks.001.nsbmd,,,,miniblocks.001.nsbtx,,,,,,,,,,,,
miniblocks2,miniblocks.002.nsbmd,,,,miniblocks.001.nsbtx,,,,,,,,,,,,
miniblocks2,miniblocks.003.nsbmd,,,,miniblocks.001.nsbtx,,,,,,,,,,,,
miniblocks2,miniblocks.nsbmd,,,,miniblocks.001.nsbtx,,,,,,,,,,,,
miniblocks3,miniblocks3.nsbmd,,,,miniblk_philo.nsbtx,,,,,,,,,,,,
miniblocks4,miniblocks3.nsbmd,,,,miniblk_philo.nsbtx,,,,,,,,,,,,
miniblocks5,miniblocks3.nsbmd,,,,miniblk_philo.nsbtx,,,,,,,,,,,,
mnrt,mnrt.nsbmd,,,,mnrt.nsbtx,,,,,,,,,,,,
mocco,mocco.nsbmd,,,,mocco.nsbtx,,,,,,,,,,,,
mokutaru,mokutaru.nsbmd,,,,mokutaru.001.nsbtx,,,,,,,,,,,,
mold_worm,mold_worm.nsbmd,,,,mold_worm.nsbtx,,,,,,,,,,,,
momL_a,momL_a.nsbmd,,,,momL_a.nsbtx,,,,,,,,,,,,
momS_a,momS_a.nsbmd,,,,momS_a.nsbtx,,,,,,,,,,,,
muddy1,muddy1.nsbmd,,,,muddy1_02.nsbtx,,,,,,,,,,,,
muddy2,muddy2.nsbmd,,,,muddy2.nsbtx,,,,,,,,,,,,
muddy3,muddy3.nsbmd,,,,muddy3.nsbtx,,,,,,,,,,,,
muto,muto.nsbmd,,,,muto.nsbtx,,,,,,,,,,,,
mw_terra,mw_terra.nsbmd,,,,terra.nsbtx,,,,,,,,,,,,
mystery,mystery.nsbmd,,,,mystery.nsbtx,,,,,,,,,,,,
n_door,n_door.nsbmd,,,,n_door.nsbtx,,,,,,,,,,,,
n_door_a1,n_door_a1.nsbmd,,,,n_door_a1.nsbtx,,,,,,,,,,,,
n_door_a2,n_door_a2.nsbmd,,,,n_door_a2.nsbtx,,,,,,,,,,,,
n_door_a3,n_door_a3.nsbmd,,,,n_door_a3.nsbtx,,,,,,,,,,,,
n_door_g1,n_door_g1.nsbmd,,,,n_door_g1.nsbtx,,,,,,,,,,,,
n_door_g2,n_door_g2.nsbmd,,,,n_door_g2.nsbtx,,,,,,,,,,,,
nack_sword1,nack_sword1.nsbmd,,,,nack_sword1.001.nsbtx,,,,,,,,,,,,
nack_sword2,nack_sword2.nsbmd,,,,nack_sword2.001.nsbtx,,,,,,,,,,,,
naive_a,naive_a.nsbmd,,,,naive_a.nsbtx,,,,,,,,,,,,
naive_b,naive_b.nsbmd,,,,naive_b.nsbtx,,,,,,,,,,,,
navi,navi.nsbmd,,,,gdo3_tntcl_0.nsbtx,,,,,,,,,,,,
nico,nico.nsbmd,,,,nico.nsbtx,,,,,,,,,,,,
npc_c_a,npc_c_a.nsbmd,,,,npc_c_a.nsbtx,,,,,,,,,,,,
npc_m_a,npc_m_a.nsbmd,,,,mnpc_a.nsbtx,,,,,,,,,,,,
npc_m_b,npc_m_b.nsbmd,,,,mnpc_b.nsbtx,,,,,,,,,,,,
npc_m_c,npc_m_c.nsbmd,,,,mnpc_c.nsbtx,,,,,,,,,,,,
npc_o_a,npc_o_a.nsbmd,,,,npc_o_a.nsbtx,,,,,,,,,,,,
npc_o_b,npc_o_b.nsbmd,,,,npc_o_b.nsbtx,,,,,,,,,,,,
npc_w_a,npc_w_a.nsbmd,,,,wnpc_a.nsbtx,,,,,,,,,,,,
npc_w_b,npc_w_b.nsbmd,,,,wnpc_b.nsbtx,,,,,,,,,,,,
npc_w_c,npc_w_c.nsbmd,,,,wnpc_c.nsbtx,,,,,,,,,,,,
nyoro,nyoro.nsbmd,,,,nyoro1.nsbtx,,,,,,,,,,,,
OBJ_Tdai,boss_final3rd.nsbmd,,Tetra asleep on Ghost Ship Piece,Object - Tetra Support,f3rd_WKiwa.nsbtx,,,,
OBJ_Wave,OBJ_Wave.nsbmd,,Great Sea,Object - Wave,f3rd_Sea.001.nsbtx,,,,
OBJ_Wreck,boss_final3rd.nsbmd,,Ghost Ship Wreck,Object - Wreck,f3rd_WKiwa.nsbtx,,,,
ocean,ocean.nsbmd,,,,ocean6.001.nsbtx,,,,,,,,,,,,
ocean_dem,ocean_dem.001.nsbmd,,,,ocean6.001.nsbtx,,,,,,,,,,,,
ocean_dem,ocean_dem.nsbmd,,,,ocean6.001.nsbtx,,,,,,,,,,,,
octarock,octarock.nsbmd,,,,okuta.nsbtx,,,,,,,,,,,,
octaShell,octaShell.nsbmd,,,,okt_a_iwa.nsbtx,,,,,,,,,,,,
oisu,oisu.nsbmd,,,,oisu_Hsw_1.001.nsbtx,oisu_Hsw_1.nsbtx,,,,,,,,,,,
oisu_head,oisu_head.nsbmd,,,,oisu_Hsw_1.001.nsbtx,,,,,,,,,,,,
oisu_sw,oisu_sw.nsbmd,,,,oisu_sw_1.nsbtx,,,,,,,,,,,,
oyabun_int,oyabun_int.nsbmd,,,,oyabun_int0.nsbtx,,,,,,,,,,,,
p_blin,p_blin.nsbmd,,,,p_blin.nsbtx,,,,,,,,,,,,
p_lady,p_lady.nsbmd,,,,pl.nsbtx,,,,,,,,,,,,
p_voice,p_voice.nsbmd,,,,p_voice.nsbtx,,,,,,,,,,,,
packnball,packnball.nsbmd,,,,packnball.nsbtx,,,,,,,,,,,,
pamet,pamet.nsbmd,,,,pamet.nsbtx,,,,,,,,,,,,
ph_saku,boss_philos_dis.nsbmd,,Eox Stairs Railing,,H_etc.001.nsbtx,,,,
ph_shutterdoor,boss_philos_dis.nsbmd,,Eox Shutter Door,Philos - Shutter Door,H_etc.001.nsbtx,,,,
phantom_int,phantom_int.001.nsbmd,,,,ps_floor.001.nsbtx,,,,,,,,,,,,
phantom_int,phantom_int.nsbmd,,,,ps_floor.001.nsbtx,,,,,,,,,,,,
phantom_ship,phantom_ship.nsbmd,,,,light.nsbtx,,,,,,,,,,,,
phantomb1,phantomb1.nsbmd,,,,phantomb1_0.nsbtx,,,,,,,,,,,,
phantomb2,phantomb2.nsbmd,,,,phantomb2_0.nsbtx,,,,,,,,,,,,
phantomb3,phantomb3.nsbmd,,,,phantomb3_0.nsbtx,,,,,,,,,,,,
philos_door,boss_philos_dis.nsbmd,,Eox Sliding Stair Door,Philos - Door,H_etc.001.nsbtx,,,,
pl_ship,pl_ship.nsbmd,,,,ho.001.nsbtx,,,,,,,,,,,,
pl_shutterdoor,boss_pluck_dis.nsbmd,,Crayak Shutter Door,Courage - Shutter Door,H_VR01.nsbtx,,,,
player_dngn_00,player_dngn_00.nsbmd,,,,dungeon0_f0.001.nsbtx,dungeon0_s0.001.nsbtx,dungeon10_s0.nsbtx,dungeon2_f0.001.nsbtx,dungeon6_s0.nsbtx,dungeon9_f0.001.nsbtx,,,,,,,
player_dngn_01,player_dngn_01.nsbmd,,,,dungeon0_f0.001.nsbtx,dungeon0_s0.001.nsbtx,dungeon2_f0.001.nsbtx,,,,,,,,,,
player_dngn_02,player_dngn_02.nsbmd,,,,agyl_portable.nsbtx,dungeon0_f0.001.nsbtx,dungeon0_s0.001.nsbtx,dungeon10_s0.nsbtx,dungeon2_f0.001.nsbtx,dungeon2_f0.002.nsbtx,dungeon6_g0.nsbtx,dungeon8_f0_1.003.nsbtx,dungeon9_f0.001.nsbtx,dungeon9_w0.nsbtx,,,
player_dngn_03,player_dngn_03.nsbmd,,,,dungeon0_f0.001.nsbtx,dungeon0_s0.001.nsbtx,dungeon2_f0.001.nsbtx,,,,,,,,,,
pluck_1_int,pluck_1_int.nsbmd,,,,pl_bg.001.nsbtx,,,,,,,,,,,,
pluck_2_int,pluck_2_int.nsbmd,,,,pl_bg.001.nsbtx,,,,,,,,,,,,
pluck_ext,pluck_ext.nsbmd,,,,pl_out01.nsbtx,,,,,,,,,,,,
pluckboss_ext,pluckboss_ext.nsbmd,,,,pluckboss_0.nsbtx,,,,,,,,,,,,
point,point.nsbmd,,,,point.nsbtx,,,,,,,,,,,,
pointmap1,pointmap1.nsbmd,,,,pointmap1.nsbtx,,,,,,,,,,,,
poon,poon.nsbmd,,,,poon_body_1.nsbtx,,,,,,,,,,,,
post,post.nsbmd,,,,post.nsbtx,,,,,,,,,,,,
power_door,boss_power_dis.nsbmd,,Dongorongo Exit Door,Power - Door,H_circle.nsbtx,,,,
power_door,power_door.nsbmd,,,,H_objRockDoor.nsbtx,,,,,,,,,,,,
power_ext,power_ext.nsbmd,,,,p_ent_1.nsbtx,,,,,,,,,,,,
power_soul01,power_soul01.001.nsbmd,,,,zdf_soul07.001.nsbtx,,,,,,,,,,,,
power_soul01,power_soul01.002.nsbmd,,,,zdf_soul07.001.nsbtx,,,,,,,,,,,,
power_soul01,power_soul01.003.nsbmd,,,,zdf_soul07.001.nsbtx,,,,,,,,,,,,
power_soul01,power_soul01.nsbmd,,,,zdf_soul07.001.nsbtx,,,,,,,,,,,,
power_soul02,power_soul01.001.nsbmd,,,,zdf_soul07.001.nsbtx,,,,,,,,,,,,
power_soul02,power_soul01.002.nsbmd,,,,zdf_soul07.001.nsbtx,,,,,,,,,,,,
power_soul02,power_soul01.003.nsbmd,,,,zdf_soul07.001.nsbtx,,,,,,,,,,,,
power_soul02,power_soul01.nsbmd,,,,zdf_soul07.001.nsbtx,,,,,,,,,,,,
powerboss,powerboss.nsbmd,,,,gb_ent_1.nsbtx,,,,,,,,,,,,
pstman,pstman.nsbmd,,,,letter.001.nsbtx,,,,,,,,,,,,
Ptar,Ptar.nsbmd,,Bellum Poison Star,Poison Star,Ptar.nsbtx,,,,
pull_switch,pull_switch.nsbmd,,,,pull_switch.nsbtx,,,,,,,,,,,,
pw_bridge,boss_power_dis.nsbmd,,Dongorongo Bridge,Power - Bridge,H_bridge.nsbtx,,,,
pw_bridge,pw_bridge.nsbmd,,,,H_bridge.nsbtx,,,,,,,,,,,,
pw_shutterdoor,boss_power_dis.nsbmd,,Dongorongo Shutter Door,Power - Shutter Door,H_circle.nsbtx,,,,
pw_shutterdoor,pw_shutterdoor.nsbmd,,,,H_circle.nsbtx,,,,,,,,,,,,
pyramid_l_ext,pyramid_l_ext.nsbmd,,,,pyramid_l_0.nsbtx,,,,,,,,,,,,
pyramid_m_ext,pyramid_m_ext.nsbmd,,,,pyramid_m_0.nsbtx,,,,,,,,,,,,
pyramid_s_ext,pyramid_s_ext.nsbmd,,,,pyramid_s_0.nsbtx,,,,,,,,,,,,
rat,rat.nsbmd,,,,rat.nsbtx,,,,,,,,,,,,
rat_hole,rat_hole.nsbmd,,,,dungeon7_g0.nsbtx,,,,,,,,,,,,
ray,ray.nsbmd,,,,zdi_beamgrad1.001.nsbtx,,,,,,,,,,,,
reef,reef.nsbmd,,,,rock.nsbtx,,,,,,,,,,,,
reef_01,reef_01.nsbmd,,,,reef02.nsbtx,,,,,,,,,,,,
reef_02,reef_01.nsbmd,,,,reef02.nsbtx,,,,,,,,,,,,
reef_03,reef_03.nsbmd,,,,reef03.nsbtx,,,,,,,,,,,,
reef_04,reef_01.nsbmd,,,,reef02.nsbtx,,,,,,,,,,,,
reef_br,reef_br.001.nsbmd,,,,reef_br.001.nsbtx,,,,,,,,,,,,
reef_br,reef_br.nsbmd,,,,reef_br.001.nsbtx,,,,,,,,,,,,
reef_break_l,reef_break_l.nsbmd,,,,reef_break.nsbtx,,,,,,,,,,,,
reef_break_m,reef_break_l.nsbmd,,,,reef_break.nsbtx,,,,,,,,,,,,
reef_break_s,reef_break_l.nsbmd,,,,reef_break.nsbtx,,,,,,,,,,,,
relay_arrow,relay_arrow.nsbmd,,,,relay_a_core.nsbtx,,,,,,,,,,,,
rev_bin,arrow.nsbmd,,Red Potion,Revitalizing Potion,dsArrow.001.nsbtx,,,,
rev_binP,arrow.nsbmd,,Purple Potion,Revitalizing Potion - Purple,dsArrow.001.nsbtx,,,,
rev_binY,arrow.nsbmd,,Yellow Potion,Revitalizing Potion - Yellow,dsArrow.001.nsbtx,,,,
reyard,reyard.nsbmd,,,,reyard.nsbtx,,,,,,,,,,,,
reyardM,reyardM.nsbmd,,,,reyardM.nsbtx,,,,,,,,,,,,
rock_cave,rock_cave.nsbmd,,,,dungeon0_f0.001.nsbtx,dungeon0_f0.nsbtx,,,,,,,,,,,
rock_large,rock_large.nsbmd,,,,rock_large.nsbtx,,,,,,,,,,,,
rock00,rock00.nsbmd,,,,H_rock01.nsbtx,,,,,,,,,,,,
rock01,rock00.nsbmd,,,,H_rock01.nsbtx,,,,,,,,,,,,
rock02,rock00.nsbmd,,,,H_rock01.nsbtx,,,,,,,,,,,,
romantic_ext,romantic_ext.nsbmd,,,,r_kabe01.nsbtx,,,,,,,,,,,,
romantic_int,romantic_int.nsbmd,,,,ro_bg.nsbtx,,,,,,,,,,,,
room_a,room_a.nsbmd,,,,ishi_01.001.nsbtx,room_f_back.nsbtx,,,,,,,,,,,
room_a_1,room_a_1.nsbmd,,,,book_01.nsbtx,,,,,,,,,,,,
room_a_2,room_a_1.nsbmd,,,,book_01.nsbtx,,,,,,,,,,,,
room_a_3,room_a_1.nsbmd,,,,book_01.nsbtx,,,,,,,,,,,,
room_a_4,room_a_1.nsbmd,,,,book_01.nsbtx,,,,,,,,,,,,
room_b,room_a.nsbmd,,,,ishi_01.001.nsbtx,room_f_back.nsbtx,,,,,,,,,,,
room_b_1,room_b_1.nsbmd,,,,ishi_01.001.nsbtx,,,,,,,,,,,,
room_b_2,room_b_1.nsbmd,,,,ishi_01.001.nsbtx,,,,,,,,,,,,
room_b_3,room_b_1.nsbmd,,,,ishi_01.001.nsbtx,,,,,,,,,,,,
room_c,room_a.nsbmd,,,,ishi_01.001.nsbtx,room_f_back.nsbtx,,,,,,,,,,,
room_d,room_d.nsbmd,,,,ishi_01.001.nsbtx,,,,,,,,,,,,
room_e,room_d.nsbmd,,,,ishi_01.001.nsbtx,,,,,,,,,,,,
room_f,room_d.nsbmd,,,,ishi_01.001.nsbtx,,,,,,,,,,,,
rope_gum,beamos_beam.nsbmd,,,,zdi_beamgrad1.nsbtx,,,,
ropetop,arrow.nsbmd,,Grapple Hook Claw,Grapple Rope - Top,dsArrow.001.nsbtx,,,,
s_door_wind,s_door_wind.nsbmd,,,,s_door_wind.nsbtx,,,,,,,
salvage_BG00,salvage_BG00.nsbmd,,,,H_BG00.nsbtx,,,,,,,
salvage_BG01,salvage_BG01.nsbmd,,,,H_BG00.nsbtx,H_BG01.nsbtx,,,,,,
sango00,sango00.nsbmd,,,,H_sango00.nsbtx,,,,,,,
sarba,sarba.nsbmd,,,,sarba.nsbtx,,,,,,,
sauzu,sauzu.nsbmd,,,,sauzu.nsbtx,,,,,,,
scp,arrow.nsbmd,,Shovel,Spade,dsArrow.001.nsbtx,,,,
sd,sd.nsbmd,,,,sd.nsbtx,,,,,,,
sea_bomb,fp.nsbmd,,,Sea Bomb,fp.nsbtx,,,,
sea_bomb,sea_bomb.001.nsbmd,,,,fp.nsbtx,,,,,,,
sea_bomb,sea_bomb.nsbmd,,,,fp.nsbtx,,,,,,,
seabarrel,seabarrel.nsbmd,,,,sea_barrel.nsbtx,,,,,,,
seakeeth,seakeeth.nsbmd,,,,seakeeth.nsbtx,,,,,,,
seaocta,seaocta.nsbmd,,,,seaocta.nsbtx,,,,,,,
seaone_dem,seaone_dem.nsbmd,,Inside Oshus' House (High-poly),,sea_bou01.nsbtx,,,,,,,
seaone_ext,house1.nsbmd,,,,slala_deco.nsbtx,,,,
seaone_int,seaone_int.nsbmd,,Inside Oshus' House (Low-poly),Sea One - Interior,seaone_bou01.nsbtx,,,,,,,
seapackn,seapackn.nsbmd,,,,seapackn.nsbtx,,,,,,,
seapacknM,seapacknM.nsbmd,,,,seapacknM.nsbtx,,,,,,,
seataru,seataru.nsbmd,,,,mokutaru.001.nsbtx,,,,,,,
shA,arrow.nsbmd,,Hero's Shield,Shield A,dsArrow.001.nsbtx,,,,
shA,shA.nsbmd,,,,dsArrow.001.nsbtx,,,,,,,
shell,shell.001.nsbmd,,Oshus' Cane / Staff,Shell,shell.001.nsbtx,,,,,,,
shell,shell.nsbmd,,,,shell.001.nsbtx,,,,,,,
shikabane,shikabane.nsbmd,,,,bodyA.001.nsbtx,bodyA.nsbtx,,,,,,
ship,ship.nsbmd,,,,ship.nsbtx,,,,,,,
ship_00,ship_00.nsbmd,,,,dungeon0_f0.001.nsbtx,dungeon5_s0.001.nsbtx,,,,,,
ship_fisher_00,ship_fisher_00.nsbmd,,,,dungeon0_f0.001.nsbtx,dungeon5_s0.001.nsbtx,,,,,,
ship_flink_00,ship_flink_00.nsbmd,,,,dungeon0_f0.001.nsbtx,,,,,,,
ship_guard_00,ship_guard_00.nsbmd,,,,dungeon0_f0.001.nsbtx,dungeon5_s0.001.nsbtx,,,,,,
ship_hoho_00,ship_hoho_00.nsbmd,,,,dungeon0_f0.001.nsbtx,dungeon5_s0.001.nsbtx,,,,,,
ship_terry_00,ship_terry_00.nsbmd,,,,dungeon0_f0.001.nsbtx,,,,,,,
ship_wonder_00,ship_wonder_00.nsbmd,,,,dungeon0_f0.001.nsbtx,dungeon5_s0.001.nsbtx,,,,,,
shooting_ext,pluck_ext.nsbmd,,,,pl_out01.nsbtx,,,,,,,,,,,,
shooting_int,shooting_int.nsbmd,,,,sh_bg.nsbtx,,,,,,,
shooting_wall,shooting_int.nsbmd,,,,sh_bg.nsbtx,,,,,,,
shop_a,shop_a.nsbmd,,,,shop_a.nsbtx,,,,,,,
shop_b,shop_b.nsbmd,,,,shop_a.nsbtx,shop_b.nsbtx,,,,,,
shop_c,shop_c.nsbmd,,,,shop_a.nsbtx,shop_c.nsbtx,,,,,,
shrine_int,shrine_int.nsbmd,,,,shrine_0.nsbtx,,,,,,,
si,si.nsbmd,,,,si1.nsbtx,,,,,,,
smithy_ext,smithy_ext.nsbmd,,,,sm_kabe01.nsbtx,,,,,,,
smithy_int,smithy_int.nsbmd,,,,sm_isi01.nsbtx,,,,,,,
snake,snake.nsbmd,,,,snake_tex.nsbtx,,,,,,,
snow,snow.nsbmd,,,,snow.nsbtx,,,,,,,
snow_boss,snow_boss.nsbmd,,,,snow_boss.nsbtx,,,,,,,
so,so.nsbmd,,Oshus,Shïwan Oshus (?),seaone.001.nsbtx,,,,,,,
so_target,so_target.nsbmd,,Wooden Target,Shïwan Oshus Target (?),so_target.nsbtx,,,,,,,
soldboard,soldboard.nsbmd,,,,soldboard.nsbtx,,,,,,,
son,son.nsbmd,,,,son.nsbtx,,,,,,,
sp_anc01,sp_anc01.001.nsbmd,,,,sp_anc01.001.nsbtx,,,,,,,
sp_anc01,sp_anc01.nsbmd,,,,sp_anc01.001.nsbtx,,,,,,,
sp_anc01g,sp_anc01g.001.nsbmd,,,,sp_anc01.001.nsbtx,,,,,,,
sp_anc01g,sp_anc01g.nsbmd,,,,sp_anc01g.nsbtx,,,,,,,
sp_anc02,sp_anc02.001.nsbmd,,,,sp_anc02.001.nsbtx,,,,,,,
sp_anc02,sp_anc02.nsbmd,,,,sp_anc02.001.nsbtx,,,,,,,
sp_anc02g,sp_anc02g.001.nsbmd,,,,sp_anc02.001.nsbtx,,,,,,,
sp_anc02g,sp_anc02g.nsbmd,,,,sp_anc01g.nsbtx,sp_anc02g.nsbtx,,,,,,
sp_anc03,sp_anc03.001.nsbmd,,,,sp_anc03.001.nsbtx,,,,,,,
sp_anc03,sp_anc03.nsbmd,,,,sp_anc03.001.nsbtx,,,,,,,
sp_anc03g,sp_anc03g.001.nsbmd,,,,sp_anc03.001.nsbtx,,,,,,,
sp_anc03g,sp_anc03g.nsbmd,,,,sp_anc01g.nsbtx,sp_anc03g.nsbtx,,,,,,
sp_anc04,sp_anc04.001.nsbmd,,,,sp_anc04.001.nsbtx,,,,,,,
sp_anc04,sp_anc04.nsbmd,,,,sp_anc04.001.nsbtx,,,,,,,
sp_anc04g,sp_anc04g.001.nsbmd,,,,sp_anc04.001.nsbtx,,,,,,,
sp_anc04g,sp_anc04g.nsbmd,,,,sp_anc01g.nsbtx,sp_anc04g.nsbtx,,,,,,
sp_anc05,sp_anc05.001.nsbmd,,,,sp_anc05.001.nsbtx,,,,,,,
sp_anc05,sp_anc05.nsbmd,,,,sp_anc05.001.nsbtx,,,,,,,
sp_anc05g,sp_anc05g.001.nsbmd,,,,sp_anc05.001.nsbtx,,,,,,,
sp_anc05g,sp_anc05g.nsbmd,,,,sp_anc01g.nsbtx,sp_anc05g.nsbtx,,,,,,
sp_anc06,sp_anc06.001.nsbmd,,,,sp_anc06.001.nsbtx,,,,,,,
sp_anc06,sp_anc06.nsbmd,,,,sp_anc06.001.nsbtx,,,,,,,
sp_anc06g,sp_anc06g.001.nsbmd,,,,sp_anc06.001.nsbtx,,,,,,,
sp_anc06g,sp_anc06g.nsbmd,,,,sp_anc01g.nsbtx,sp_anc06g.nsbtx,,,,,,
sp_anc07,sp_anc07.001.nsbmd,,,,sp_anc07.001.nsbtx,,,,,,,
sp_anc07,sp_anc07.nsbmd,,,,sp_anc07.001.nsbtx,,,,,,,
sp_anc07g,sp_anc07g.001.nsbmd,,,,sp_anc07.001.nsbtx,,,,,,,
sp_anc07g,sp_anc07g.nsbmd,,,,sp_anc01g.nsbtx,sp_anc07g.nsbtx,,,,,,
sp_anc08,sp_anc08.001.nsbmd,,,,sp_anc08.001.nsbtx,,,,,,,
sp_anc08,sp_anc08.nsbmd,,,,sp_anc08.001.nsbtx,,,,,,,
sp_anc08g,sp_anc08g.001.nsbmd,,,,sp_anc08.001.nsbtx,,,,,,,
sp_anc08g,sp_anc08g.nsbmd,,,,sp_anc01g.nsbtx,sp_anc08g.nsbtx,,,,,,
sp_anc09,sp_anc09.001.nsbmd,,,,sp_anc08.001.nsbtx,,,,,,,
sp_anc09,sp_anc09.nsbmd,,,,sp_anc09.nsbtx,,,,,,,
sp_anc09g,sp_anc09g.001.nsbmd,,,,sp_anc08.001.nsbtx,,,,,,,
sp_anc09g,sp_anc09g.nsbmd,,,,sp_anc01g.nsbtx,sp_anc09g.nsbtx,,,,,,
sp_bow01,sp_bow01.001.nsbmd,,,,sp_bow01.001.nsbtx,,,,,,,
sp_bow01,sp_bow01.nsbmd,,,,sp_bow01.001.nsbtx,,,,,,,
sp_bow01g,sp_bow01g.001.nsbmd,,,,sp_bow01.001.nsbtx,,,,,,,
sp_bow01g,sp_bow01g.nsbmd,,,,sp_bow01g.nsbtx,,,,,,,
sp_bow02,sp_bow02.001.nsbmd,,,,sp_bow02.001.nsbtx,,,,,,,
sp_bow02,sp_bow02.nsbmd,,,,sp_bow02.001.nsbtx,,,,,,,
sp_bow02g,sp_bow02g.001.nsbmd,,,,sp_bow02.001.nsbtx,,,,,,,
sp_bow02g,sp_bow02g.nsbmd,,,,sp_bow01g.nsbtx,sp_bow02g.nsbtx,,,,,,
sp_bow03,sp_bow03.001.nsbmd,,,,sp_bow03.001.nsbtx,,,,,,,
sp_bow03,sp_bow03.nsbmd,,,,sp_bow03.001.nsbtx,,,,,,,
sp_bow03g,sp_bow03g.001.nsbmd,,,,sp_bow03.001.nsbtx,,,,,,,
sp_bow03g,sp_bow03g.nsbmd,,,,sp_bow01g.nsbtx,sp_bow03g.nsbtx,,,,,,
sp_bow04,sp_bow04.001.nsbmd,,,,sp_bow04.001.nsbtx,,,,,,,
sp_bow04,sp_bow04.nsbmd,,,,sp_bow04.001.nsbtx,,,,,,,
sp_bow04g,sp_bow04g.001.nsbmd,,,,sp_bow04.001.nsbtx,,,,,,,
sp_bow04g,sp_bow04g.nsbmd,,,,sp_bow01g.nsbtx,sp_bow04g.nsbtx,,,,,,
sp_bow05,sp_bow05.001.nsbmd,,,,sp_bow05.001.nsbtx,,,,,,,
sp_bow05,sp_bow05.nsbmd,,,,sp_bow05.001.nsbtx,,,,,,,
sp_bow05g,sp_bow05g.001.nsbmd,,,,sp_bow05.001.nsbtx,,,,,,,
sp_bow05g,sp_bow05g.nsbmd,,,,sp_bow01g.nsbtx,sp_bow05g.nsbtx,,,,,,
sp_bow06,sp_bow06.001.nsbmd,,,,sp_bow06.001.nsbtx,,,,,,,
sp_bow06,sp_bow06.nsbmd,,,,sp_bow06.001.nsbtx,,,,,,,
sp_bow06g,sp_bow06g.001.nsbmd,,,,sp_bow06.001.nsbtx,,,,,,,
sp_bow06g,sp_bow06g.nsbmd,,,,sp_bow01g.nsbtx,sp_bow06g.nsbtx,,,,,,
sp_bow07,sp_bow07.001.nsbmd,,,,sp_bow07.001.nsbtx,,,,,,,
sp_bow07,sp_bow07.nsbmd,,,,sp_bow07.001.nsbtx,,,,,,,
sp_bow07g,sp_bow07g.001.nsbmd,,,,sp_bow07.001.nsbtx,,,,,,,
sp_bow07g,sp_bow07g.nsbmd,,,,sp_bow01g.nsbtx,sp_bow07g.nsbtx,,,,,,
sp_bow08,sp_bow08.001.nsbmd,,,,sp_bow08.001.nsbtx,,,,,,,
sp_bow08,sp_bow08.nsbmd,,,,sp_bow08.001.nsbtx,,,,,,,
sp_bow08g,sp_bow08g.001.nsbmd,,,,sp_bow08.001.nsbtx,,,,,,,
sp_bow08g,sp_bow08g.nsbmd,,,,sp_bow01g.nsbtx,sp_bow08g.nsbtx,,,,,,
sp_bow09,sp_bow09.001.nsbmd,,,,sp_bow08.001.nsbtx,,,,,,,
sp_bow09,sp_bow09.nsbmd,,,,sp_bow09.nsbtx,,,,,,,
sp_bow09g,sp_bow09g.001.nsbmd,,,,sp_bow08.001.nsbtx,,,,,,,
sp_bow09g,sp_bow09g.nsbmd,,,,sp_bow01g.nsbtx,sp_bow09g.nsbtx,,,,,,
sp_brg01,sp_brg01.001.nsbmd,,,,sp_brg01.001.nsbtx,,,,,,,
sp_brg01,sp_brg01.nsbmd,,,,sp_brg01.001.nsbtx,,,,,,,
sp_brg01g,sp_brg01g.001.nsbmd,,,,sp_brg01.001.nsbtx,,,,,,,
sp_brg01g,sp_brg01g.nsbmd,,,,sp_brg01g.nsbtx,,,,,,,
sp_brg02,sp_brg02.001.nsbmd,,,,sp_brg02.001.nsbtx,,,,,,,
sp_brg02,sp_brg02.nsbmd,,,,sp_brg02.001.nsbtx,,,,,,,
sp_brg02g,sp_brg02g.001.nsbmd,,,,sp_brg02.001.nsbtx,,,,,,,
sp_brg02g,sp_brg02g.nsbmd,,,,sp_brg01g.nsbtx,sp_brg02g.nsbtx,,,,,,
sp_brg03,sp_brg03.001.nsbmd,,,,sp_brg03.001.nsbtx,,,,,,,
sp_brg03,sp_brg03.nsbmd,,,,sp_brg03.001.nsbtx,,,,,,,
sp_brg03g,sp_brg03g.001.nsbmd,,,,sp_brg03.001.nsbtx,,,,,,,
sp_brg03g,sp_brg03g.nsbmd,,,,sp_brg01g.nsbtx,sp_brg03g.nsbtx,,,,,,
sp_brg04,sp_brg04.nsbmd,,,,sp_brg04.nsbtx,,,,,,,
sp_brg04g,sp_brg04g.nsbmd,,,,sp_brg01g.nsbtx,sp_brg04g.nsbtx,,,,,,
sp_brg05,sp_brg05.nsbmd,,,,sp_brg05.nsbtx,,,,,,,
sp_brg05g,sp_brg05g.nsbmd,,,,sp_brg01g.nsbtx,sp_brg05g.nsbtx,,,,,,
sp_brg06,sp_brg06.nsbmd,,,,sp_brg06.nsbtx,,,,,,,
sp_brg06g,sp_brg06g.nsbmd,,,,sp_brg01g.nsbtx,sp_brg06g.nsbtx,,,,,,
sp_brg07,sp_brg07.nsbmd,,,,sp_brg07.nsbtx,,,,,,,
sp_brg07g,sp_brg07g.nsbmd,,,,sp_brg01g.nsbtx,sp_brg07g.nsbtx,,,,,,
sp_brg08,sp_brg08.nsbmd,,,,sp_brg08.nsbtx,,,,,,,
sp_brg08g,sp_brg08g.nsbmd,,,,sp_brg01g.nsbtx,sp_brg08g.nsbtx,,,,,,
sp_brg09,sp_brg09.nsbmd,,,,sp_brg09.nsbtx,,,,,,,
sp_brg09g,sp_brg09g.nsbmd,,,,sp_brg01g.nsbtx,sp_brg09g.nsbtx,,,,,,
sp_can01,sp_can01.nsbmd,,,,sp_can01.nsbtx,,,,,,,
sp_can01g,sp_can01g.nsbmd,,,,sp_can01g.nsbtx,,,,,,,
sp_can02,sp_can02.nsbmd,,,,sp_can02.nsbtx,,,,,,,
sp_can02g,sp_can02g.nsbmd,,,,sp_can01g.nsbtx,sp_can02g.nsbtx,,,,,,
sp_can03,sp_can03.nsbmd,,,,sp_can03.nsbtx,,,,,,,
sp_can03g,sp_can03g.nsbmd,,,,sp_can01g.nsbtx,sp_can03g.nsbtx,,,,,,
sp_can04,sp_can04.nsbmd,,,,sp_can04.nsbtx,,,,,,,
sp_can04g,sp_can04g.nsbmd,,,,sp_can01g.nsbtx,sp_can04g.nsbtx,,,,,,
sp_can05,sp_can05.nsbmd,,,,sp_can05.nsbtx,,,,,,,
sp_can05g,sp_can05g.nsbmd,,,,sp_can01g.nsbtx,sp_can05g.nsbtx,,,,,,
sp_can06,sp_can06.nsbmd,,,,sp_can06.nsbtx,,,,,,,
sp_can06g,sp_can06g.nsbmd,,,,sp_can01g.nsbtx,sp_can06g.nsbtx,,,,,,
sp_can07,sp_can07.nsbmd,,,,sp_can07.nsbtx,,,,,,,
sp_can07g,sp_can07g.nsbmd,,,,sp_can01g.nsbtx,sp_can07g.nsbtx,,,,,,
sp_can08,sp_can08.nsbmd,,,,sp_can08.nsbtx,,,,,,,
sp_can08g,sp_can08g.nsbmd,,,,sp_can01g.nsbtx,sp_can08g.nsbtx,,,,,,
sp_can09,sp_can09.nsbmd,,,,sp_can09.nsbtx,,,,,,,
sp_can09g,sp_can09g.nsbmd,,,,sp_can01g.nsbtx,sp_can09g.nsbtx,,,,,,
sp_dco01,sp_dco01.nsbmd,,,,sp_dco01.nsbtx,,,,,,,
sp_dco01g,sp_dco01g.nsbmd,,,,sp_dco01g.nsbtx,,,,,,,
sp_dco02,sp_dco02.nsbmd,,,,sp_dco02.nsbtx,,,,,,,
sp_dco02g,sp_dco02g.nsbmd,,,,sp_dco01g.nsbtx,sp_dco02g.nsbtx,,,,,,
sp_dco03,sp_dco03.nsbmd,,,,sp_dco03.nsbtx,,,,,,,
sp_dco03g,sp_dco03g.nsbmd,,,,sp_dco01g.nsbtx,sp_dco03g.nsbtx,,,,,,
sp_dco04,sp_dco04.nsbmd,,,,sp_dco04.nsbtx,,,,,,,
sp_dco04g,sp_dco04g.nsbmd,,,,sp_dco01g.nsbtx,sp_dco04g.nsbtx,,,,,,
sp_dco05,sp_dco05.nsbmd,,,,sp_dco05.nsbtx,,,,,,,
sp_dco05g,sp_dco05g.nsbmd,,,,sp_dco01g.nsbtx,sp_dco05g.nsbtx,,,,,,
sp_dco06,sp_dco06.nsbmd,,,,sp_dco06.nsbtx,,,,,,,
sp_dco06g,sp_dco06g.nsbmd,,,,sp_dco01g.nsbtx,sp_dco06g.nsbtx,,,,,,
sp_dco07,sp_dco07.nsbmd,,,,sp_dco07.nsbtx,,,,,,,
sp_dco07g,sp_dco07g.nsbmd,,,,sp_dco01g.nsbtx,sp_dco07g.nsbtx,,,,,,
sp_dco08,sp_dco08.nsbmd,,,,sp_dco08.nsbtx,,,,,,,
sp_dco08g,sp_dco08g.nsbmd,,,,sp_dco01g.nsbtx,sp_dco08g.nsbtx,,,,,,
sp_dco09,sp_dco09.nsbmd,,,,sp_dco09.nsbtx,,,,,,,
sp_dco09g,sp_dco09g.nsbmd,,,,sp_dco01g.nsbtx,sp_dco09g.nsbtx,,,,,,
sp_fnl01,sp_fnl01.nsbmd,,,,sp_fnl01.nsbtx,,,,,,,
sp_fnl01g,sp_fnl01g.nsbmd,,,,sp_fnl01g.nsbtx,,,,,,,
sp_fnl02,sp_fnl02.nsbmd,,,,sp_fnl02.nsbtx,,,,,,,
sp_fnl02g,sp_fnl02g.nsbmd,,,,sp_fnl01g.nsbtx,sp_fnl02g.nsbtx,,,,,,
sp_fnl03,sp_fnl03.nsbmd,,,,sp_fnl03.nsbtx,,,,,,,
sp_fnl03g,sp_fnl03g.nsbmd,,,,sp_fnl01g.nsbtx,sp_fnl03g.nsbtx,,,,,,
sp_fnl04,sp_fnl04.nsbmd,,,,sp_fnl04.nsbtx,,,,,,,
sp_fnl04g,sp_fnl04g.nsbmd,,,,sp_fnl01g.nsbtx,sp_fnl04g.nsbtx,,,,,,
sp_fnl05,sp_fnl05.nsbmd,,,,sp_fnl05.nsbtx,,,,,,,
sp_fnl05g,sp_fnl05g.nsbmd,,,,sp_fnl01g.nsbtx,sp_fnl05g.nsbtx,,,,,,
sp_fnl06,sp_fnl06.nsbmd,,,,sp_fnl06.nsbtx,,,,,,,
sp_fnl06g,sp_fnl06g.nsbmd,,,,sp_fnl01g.nsbtx,sp_fnl06g.nsbtx,,,,,,
sp_fnl07,sp_fnl07.nsbmd,,,,sp_fnl07.nsbtx,,,,,,,
sp_fnl07g,sp_fnl07g.nsbmd,,,,sp_fnl01g.nsbtx,sp_fnl07g.nsbtx,,,,,,
sp_fnl08,sp_fnl08.nsbmd,,,,sp_fnl08.nsbtx,,,,,,,
sp_fnl08g,sp_fnl08g.nsbmd,,,,sp_fnl01g.nsbtx,sp_fnl08g.nsbtx,,,,,,
sp_fnl09,sp_fnl09.nsbmd,,,,sp_fnl09.nsbtx,,,,,,,
sp_fnl09g,sp_fnl09g.nsbmd,,,,sp_fnl01g.nsbtx,sp_fnl09g.nsbtx,,,,,,
sp_hul01,sp_hul01.nsbmd,,,,sp_hul01.nsbtx,,,,,,,
sp_hul01g,sp_hul01g.nsbmd,,,,sp_hul01g.nsbtx,,,,,,,
sp_hul02,sp_hul02.nsbmd,,,,sp_hul02.nsbtx,,,,,,,
sp_hul02g,sp_hul02g.nsbmd,,,,sp_hul02g.nsbtx,,,,,,,
sp_hul03,sp_hul03.nsbmd,,,,sp_hul03.nsbtx,,,,,,,
sp_hul03g,sp_hul03g.nsbmd,,,,sp_hul03g.nsbtx,,,,,,,,
sp_hul04,sp_hul04.nsbmd,,,,sp_hul04.nsbtx,,,,,,,,
sp_hul04g,sp_hul04g.nsbmd,,,,sp_hul04g.nsbtx,,,,,,,,
sp_hul05,sp_hul05.nsbmd,,,,sp_hul05.nsbtx,,,,,,,,
sp_hul05g,sp_hul05g.nsbmd,,,,sp_hul05g.nsbtx,,,,,,,,
sp_hul06,sp_hul06.nsbmd,,,,sp_hul06.nsbtx,,,,,,,,
sp_hul06g,sp_hul06g.nsbmd,,,,sp_hul06g.nsbtx,,,,,,,,
sp_hul07,sp_hul07.nsbmd,,,,sp_hul07.nsbtx,,,,,,,,
sp_hul07g,sp_hul07g.nsbmd,,,,sp_hul07g.nsbtx,,,,,,,,
sp_hul08,sp_hul08.nsbmd,,,,sp_hul08.nsbtx,,,,,,,,
sp_hul08g,sp_hul08g.nsbmd,,,,sp_hul08g.nsbtx,,,,,,,,
sp_hul09,sp_hul09.nsbmd,,,,sp_hul09.nsbtx,,,,,,,,
sp_hul09g,sp_hul09g.nsbmd,,,,sp_hul09g.nsbtx,,,,,,,,
sp_pdl01,sp_pdl01.nsbmd,,,,sp_pdl01.nsbtx,,,,,,,,
sp_pdl01g,sp_pdl01g.nsbmd,,,,sp_pdl01g.nsbtx,,,,,,,,
sp_pdl02,sp_pdl02.nsbmd,,,,sp_pdl02.nsbtx,,,,,,,,
sp_pdl02g,sp_pdl02g.nsbmd,,,,sp_pdl01g.nsbtx,sp_pdl02g.nsbtx,,,,,,,
sp_pdl03,sp_pdl03.nsbmd,,,,sp_pdl03.nsbtx,,,,,,,,
sp_pdl03g,sp_pdl03g.nsbmd,,,,sp_pdl01g.nsbtx,sp_pdl03g.nsbtx,,,,,,,
sp_pdl04,sp_pdl04.nsbmd,,,,sp_pdl04.nsbtx,,,,,,,,
sp_pdl04g,sp_pdl04g.nsbmd,,,,sp_pdl01g.nsbtx,sp_pdl04g.nsbtx,,,,,,,
sp_pdl05,sp_pdl05.nsbmd,,,,sp_pdl05.nsbtx,,,,,,,,
sp_pdl05g,sp_pdl05g.nsbmd,,,,sp_pdl01g.nsbtx,sp_pdl05g.nsbtx,,,,,,,
sp_pdl06,sp_pdl06.nsbmd,,,,sp_pdl06.nsbtx,,,,,,,,
sp_pdl06g,sp_pdl06g.nsbmd,,,,sp_pdl01g.nsbtx,sp_pdl06g.nsbtx,,,,,,,
sp_pdl07,sp_pdl07.nsbmd,,,,sp_pdl07.nsbtx,,,,,,,,
sp_pdl07g,sp_pdl07g.nsbmd,,,,sp_pdl01g.nsbtx,sp_pdl07g.nsbtx,,,,,,,
sp_pdl08,sp_pdl08.nsbmd,,,,sp_pdl08.nsbtx,,,,,,,,
sp_pdl08g,sp_pdl08g.nsbmd,,,,sp_pdl01g.nsbtx,sp_pdl08g.nsbtx,,,,,,,
sp_pdl09,sp_pdl09.nsbmd,,,,sp_pdl09.nsbtx,,,,,,,,
sp_pdl09g,sp_pdl09g.nsbmd,,,,sp_pdl01g.nsbtx,sp_pdl09g.nsbtx,,,,,,,
sp_slv01_a,fp.nsbmd,,,Ship - Salvage - Arm,fp.nsbtx,,,,
sp_slv01_a,sp_slv01_a.nsbmd,,,,fp.nsbtx,,,,,,,,
sp_slv01_c,fp.nsbmd,,,Ship - Salvage - Chain,fp.nsbtx,,,,
sp_slv01_c,sp_slv01_c.nsbmd,,,,fp.nsbtx,,,,,,,,
sp_slv01_h,fp.nsbmd,,,Ship - Salvage - Hand,fp.nsbtx,,,,
sp_slv01_h,sp_slv01_h.nsbmd,,,,fp.nsbtx,,,,,,,,
sp_slv01_n,fp.nsbmd,,,Ship - Salvage - Noose,fp.nsbtx,,,,
spider,spider.nsbmd,,,,spider.nsbtx,,,,,,,,
spikefloor,spikefloor.nsbmd,,,,spikefloor.001.nsbtx,,,,,,,,
spikeroller,spikeroller.nsbmd,,,,spike.nsbtx,,,,,,,,
spiral_down,spiral_down.nsbmd,,,,spiral_down.001.nsbtx,,,,,,,,
spiral_up,spiral_down.nsbmd,,,,spiral_down.001.nsbtx,,,,,,,,
spiral1_down,spiral1_down.nsbmd,,,,spiral_down.001.nsbtx,,,,,,,,
spiral1_up,spiral1_down.nsbmd,,,,spiral_down.001.nsbtx,,,,,,,,
spiral2,spiral2.nsbmd,,,,bridge2.001.nsbtx,,,,,,,,
spiral3_down,spiral3_down.nsbmd,,,,dungeon0_f0.001.nsbtx,dungeon0_s0.nsbtx,,,,,,,
spiral3_up,spiral3_down.nsbmd,,,,dungeon0_f0.001.nsbtx,dungeon0_s0.nsbtx,,,,,,,
spirit,spirit.nsbmd,,,,spirit.nsbtx,,,,,,,,
stair_phantom,stair_phantom.nsbmd,,,,stair_phan0.nsbtx,,,,,,,,
stake,stake.nsbmd,,,,stake.nsbtx,,,,,,,,
stalfosA,stalfosA.nsbmd,,,,bodyA.001.nsbtx,,,,,,,,
stalfosB,stalfosB.nsbmd,,,,bodyB.nsbtx,,,,,,,,
statue_beam,statue_beam.nsbmd,,,,zdi_beamgrad2.nsbtx,,,,,,,,
statue_pluck,statue_pluck.nsbmd,,,,statuepluck.nsbtx,,,,,,,,
steamer,steamer.nsbmd,,,,L_ship1.nsbtx,,,,,,,,
steel,steel.nsbmd,,,,steel_0.nsbtx,,,,,,,,
steel_blue_int,steel_blue_int.nsbmd,,,,sb_dan01.nsbtx,,,,,,,,
steel_green_int,steel_green_int.nsbmd,,,,stg_kabe01.nsbtx,,,,,,,,
steel_red_int,steel_red_int.nsbmd,,,,sr_dan01.nsbtx,,,,,,,,
stl_boneA,stl_boneA.nsbmd,,,,boneA.nsbtx,,,,,,,,
stl_headA,stl_headA.nsbmd,,,,bodyA.nsbtx,,,,,,,,
stl_headB,stl_headB.nsbmd,,,,headB_0.nsbtx,,,,,,,,
stone,stone.nsbmd,,,,stone.nsbtx,,,,,,,,
stone_ancient,stone_ancient.nsbmd,,,,stone_ancient.nsbtx,,,,,,,,
stone_gossip,stone_gossip.nsbmd,,,,st_gos.nsbtx,,,,,,,,
stonemonument,stonemonument.nsbmd,,,,stonemonument.nsbtx,,,,,,,,
suite_chair,suite_chair.nsbmd,,Wooden Stool,Suite Chair,shop_a.nsbtx,,,,,,,,
suite_desk,suite_desk.nsbmd,,Wooden Desk,Suite Desk,suite_desk.nsbtx,,,,,,,,
suite_diary,suite_diary.nsbmd,,,,suite_diary.nsbtx,,,,,,,,
suite_robe,suite_robe.nsbmd,,Wooden Drawers,Suite Robe,suite_robe.nsbtx,,,,,,,,
suite_rug,suite_rug.nsbmd,,,,suite_rug.nsbtx,,,,,,,,
suite_shelf,suite_shelf.nsbmd,,Wooden Shelf,Suite Shelf,suite_shelf.nsbtx,,,,,,,,
sw_soul,sw_soul.nsbmd,,,,sw_line04.001.nsbtx,,,,,,,,
swA,arrow.nsbmd,,Hero's Sword,Sword A,dsArrow.001.nsbtx,,,,
swA,swA.nsbmd,,,,dsArrow.001.nsbtx,,,,,,,,
swB,arrow.nsbmd,,Phantom Sword,Sword B,dsArrow.001.nsbtx,,,,
swB,swB.nsbmd,,,,dsArrow.001.nsbtx,,,,,,,,
swBedge,swBedge.nsbmd,,,,swBedgeA.001.nsbtx,,,,,,,,
switch,switch.nsbmd,,,,switch_1.nsbtx,,,,,,,,
switch_aqua,switch_aqua.nsbmd,,,,switch_aqua.nsbtx,,,,,,,,
switch_bang,switch_bang.nsbmd,,,,switch_bang_1.nsbtx,,,,,,,,
switch_cstl_c_b,switch_cstl_c_b.nsbmd,,,,switch_cstl_b.nsbtx,,,,,,,,
switch_cstl_c_c,bosskey.nsbmd,,Square Crystal,Switch Crystal - Cube Crystal,bosskey1.001.nsbtx,,,,
switch_cstl_s_b,switch_cstl_c_b.nsbmd,,,,switch_cstl_b.nsbtx,,,,,,,,
switch_cstl_s_c,bosskey.nsbmd,,Circle Crystal,Switch Crystal - Sphere Crystal,bosskey1.001.nsbtx,,,,
switch_cstl_t_b,switch_cstl_c_b.nsbmd,,,,switch_cstl_b.nsbtx,,,,,,,,
switch_cstl_t_c,bosskey.nsbmd,,Triangle Crystal,Switch Crystal - Triangle Crystal,bosskey1.001.nsbtx,,,,
switch_eye,switch_eye.nsbmd,,,,switch_eye_1.nsbtx,,,,,,,,
switch_force,switch_force.nsbmd,,,,bosskey1.001.nsbtx,force_1.nsbtx,,,,,,,
switch_rusty,switch_rusty.nsbmd,,,,switch_rust_1.nsbtx,,,,,,,,
switch_wind,switch_wind.nsbmd,,,,switch_wind.nsbtx,,,,,,,,
switch_yeti,switch_yeti.nsbmd,,,,switch_yeti_1.nsbtx,,,,,,,,
sword,sword.nsbmd,,,,ho.001.nsbtx,,,,,,,,
t_door,t_door.nsbmd,,,,t_door.nsbtx,,,,,,,,
t_ship,t_ship.nsbmd,,,,t_ship.nsbtx,,,,,,,,
tail1,tail1.nsbmd,,,,tail.001.nsbtx,tail.nsbtx,,,,,,,
tail2,tail2.nsbmd,,,,tail.001.nsbtx,,,,,,,,
tail3,tail3.nsbmd,,,,tail.001.nsbtx,,,,,,,,
tar1,tar1.nsbmd,,,,tar1_1.nsbtx,,,,,,,,
target_ghost,target_ghost.nsbmd,,,,target_ghost.nsbtx,,,,,,,,
target_girl,target_girl.nsbmd,,,,target_girl.nsbtx,,,,,,,,
target_s_high,target_s_high.nsbmd,,,,target_s_high.nsbtx,,,,,,,,
target_s_low,target_s_low.nsbmd,,,,target_s_low.nsbtx,,,,,,,,
targetB,targetB.nsbmd,,,,target_B.nsbtx,,,,,,,,
targetR,targetR.nsbmd,,,,target_RA.nsbtx,,,,,,,,
tartnack,tartnack.nsbmd,,,,nackA_1.nsbtx,,,,,,,,
tartnackB,tartnackB.001.nsbmd,,,,nackB_1.001.nsbtx,,,,,,,,
tartnackB,tartnackB.nsbmd,,,,nackB_1.001.nsbtx,,,,,,,,
tartnackC,tartnackC.nsbmd,,,,nackC_1.nsbtx,,,,,,,,
tartnackD,tartnackD.nsbmd,,,,nackD_1.nsbtx,,,,,,,,
tektight,tektight.nsbmd,,,,tektight_1.nsbtx,,,,,,,,
telescope,telescope.nsbmd,,,,telescoe.nsbtx,,,,,,,,
tentacle,tentacle.nsbmd,,,,blackeye.001.nsbtx,,,,,,,,
terry,terry.001.nsbmd,,,,terry.nsbtx,,,,,,,,
terry,terry.nsbmd,,,,terry.nsbtx,,,,,,,,
terry_ext,terry_ext.nsbmd,,,,terry_0.nsbtx,,,,,,,,
terry_int,terry_int.nsbmd,,,,terry_int_0.nsbtx,,,,,,,,
tetra,tetra.nsbmd,,,,tetra.nsbtx,,,,,,,,
tetra_dem,tetra_dem.nsbmd,,,,tetra_floor.nsbtx,,,,,,,,
tetra_ext,tetra_ext.nsbmd,,,,tetra_ext.nsbtx,,,,,,,,
tetra_int,tetra_int.nsbmd,,,,tetra_int1.nsbtx,,,,,,,,
tetra_sail,tetra_sail.nsbmd,,,,tetra_sail.nsbtx,,,,,,,,
time_ball,time_ball.nsbmd,,,,Timeball8.nsbtx,,,,,,,,
torpedo,torpedo.nsbmd,,,,torpedo.nsbtx,,,,,,,,
tradebox,tradebox.001.nsbmd,,,,tradebox.nsbtx,,,,,,,,
tradebox,tradebox.nsbmd,,,,tradebox.nsbtx,,,,,,,,
trap,trap.001.nsbmd,,,,trap.001.nsbtx,,,,,,,,
trap,trap.nsbmd,,,,trap.001.nsbtx,,,,,,,,
trap_arrow,trap_arrow.nsbmd,,,,trap_arrow.nsbtx,,,,,,,,
tree,tree.nsbmd,,,,tree.001.nsbtx,,,,,,,,
tree_0,tree_0.nsbmd,,,,tree0.nsbtx,,,,,,,,
tree_cutdown,tree_cutdown.nsbmd,,,,tree_clump.nsbtx,,,,,,,,
tree_dead,tree_dead.nsbmd,,,,tree_dead0.nsbtx,,,,,,,,
tree_low,tree_low.nsbmd,,,,tree.001.nsbtx,,,,,,,,
tree_palm,tree_palm.nsbmd,,,,tree_palm.nsbtx,,,,,,,,
tree_plk_low,tree_plk_low.nsbmd,,,,tree_pluck.nsbtx,,,,,,,,
tree_pluck,tree_plk_low.nsbmd,,,,tree_pluck.nsbtx,,,,,,,,
tsubo,tsubo.nsbmd,,Blue Pot,Pot,tsubo.nsbtx,,,,,,,,
tsuboB,tsubo.nsbmd,,Red Pot,Pot B,tsubo.nsbtx,,,,,,,,
tsuboC,tsubo.nsbmd,,Yellow Pot,Pot C,tsubo.nsbtx,,,,,,,,
ub_ship,ub_ship.nsbmd,,,,ub_ship.nsbtx,,,,,,,,
um,um.nsbmd,,,,um1.nsbtx,,,,,,,,
umi_blin,umi_blin.001.nsbmd,,,,umi_blin.nsbtx,,,,,,,,
umi_blin,umi_blin.nsbmd,,,,umi_blin.nsbtx,,,,,,,,
umiou_int,umiou_int.nsbmd,,,,umiou_int0.nsbtx,,,,,,,,
under_ocean,under_ocean.nsbmd,,,,H_UnderOc.nsbtx,,,,,,,,
uo,uo.nsbmd,,,,uo.nsbtx,,,,,,,,
uraterry_ext,uraterry_ext.nsbmd,,,,uraterry_0.001.nsbtx,,,,,,,,
uraterry_int,uraterry_int.nsbmd,,,,uraterry_0.001.nsbtx,uraterry_0.nsbtx,,,,,,,
volcanicrock,volcanicrock.nsbmd,,,,volcanicrock.nsbtx,,,,,,,,
vr_boss_wind,vr_boss_wind.nsbmd,,,,BW_Cloud.nsbtx,,,,,,,,
vr_field,vr_field.nsbmd,,,,cloudy36.001.nsbtx,,,,,,,,
vr_final2st,vr_final2st.nsbmd,,,,cloudyA.nsbtx,,,,,,,,
vr_final3st,vr_final3st.nsbmd,,,,cloudyA.nsbtx,cloudyB.nsbtx,,,,,,,
vr01,vr01.001.nsbmd,,,,cloudy36.001.nsbtx,sun.nsbtx,,,,,,,
vr01,vr01.nsbmd,,,,cloudy36.001.nsbtx,cloudy36.nsbtx,,,,,,,
vr01_Demo01,vr01_Demo01.nsbmd,,,,cloudy36.001.nsbtx,,,,,,,,
w_door_close,w_door_close.nsbmd,,,,w_door.nsbtx,,,,,,,,
w_door_open,w_door_close.nsbmd,,,,w_door.nsbtx,,,,,,,,
wall_crack1,collapse1.nsbmd,,Wall Crack,Wall Crack,collapse1.nsbtx,,,,
wallmap1,wallmap1.nsbmd,,,,wallmap1.nsbtx,,,,,,,,
wallmap2,wallmap2.nsbmd,,,,wallmap2.nsbtx,,,,,,,,
wallmap3,wallmap3.nsbmd,,,,wallmap3.nsbtx,,,,,,,,
wallmap4,wallmap4.nsbmd,,,,wallmap4.nsbtx,,,,,,,,
wallmap5,wallmap5.nsbmd,,,,wallmap5.nsbtx,,,,,,,,
wallmap6,wallmap6.nsbmd,,,,wallmap6.nsbtx,,,,,,,,
wallmap7,wallmap7.nsbmd,,,,wallmap7.nsbtx,,,,,,,,
wallmap8,wallmap8.nsbmd,,,,wallmap8.nsbtx,,,,,,,,
wallmap9,wallmap9.nsbmd,,,,wallmap9.nsbtx,,,,,,,,
watcher,watcher.001.nsbmd,,,,watcher_0.nsbtx,,,,,,,,
watcher,watcher.002.nsbmd,,,,watcher_0.nsbtx,,,,,,,,
watcher,watcher.003.nsbmd,,,,watcher_0.nsbtx,,,,,,,,
watcher,watcher.nsbmd,,,,watcher_0.nsbtx,,,,,,,,
wave,wave.nsbmd,,,,wave.nsbtx,,,,,,,,
wife,wife.001.nsbmd,,,,wife.nsbtx,,,,,,,,
wife,wife.nsbmd,,,,wife.nsbtx,,,,,,,,
wind_boss,wind_boss.001.nsbmd,,,,wind_boss.nsbtx,,,,,,,,
wind_boss,wind_boss.nsbmd,,,,wind_boss.nsbtx,,,,,,,,
wind_ext,wind_ext.nsbmd,,,,fl_kabe01.nsbtx,w_ent_1.nsbtx,,,,,,,
winder,winder.nsbmd,,,,winder_1.nsbtx,,,,,,,,
windmill,windmill.nsbmd,,,,,,,,,,,,
wisdom_soul,power_soul01.001.nsbmd,,,,zdf_soul07.001.nsbtx,,,,,,,,,,,,
wisdom_soul,power_soul01.002.nsbmd,,,,zdf_soul07.001.nsbtx,,,,,,,,,,,,
wisdom_soul,power_soul01.003.nsbmd,,,,zdf_soul07.001.nsbtx,,,,,,,,,,,,
wisdom_soul,power_soul01.nsbmd,,,,zdf_soul07.001.nsbtx,,,,,,,,,,,,
wizrobeB,wizrobeB.nsbmd,,,,wizrobeB_all.nsbtx,,,,,,,,
wkns,wkns.nsbmd,,,,wkns1.nsbtx,,,,,,,,
wo_sdoor,wo_sdoor.nsbmd,,,,wo_sdoor.nsbtx,,,,,,,,
wonder_int,wonder_int.nsbmd,,,,w_ent_1.nsbtx,w_kabe01.nsbtx,,,,,,,
yeti,yeti.nsbmd,,,,yeti_0.nsbtx,,,,,,,,
z_door,z_door.nsbmd,,,,z_door.nsbtx,,,,,,,,
zdf_fog,zdf_fog.nsbmd,,,,fog_tex02.nsbtx,,,,,,,,
zdf_lava,zdf_lava.nsbmd,,,,zdf_lava_c.nsbtx,,,,,,,,
zdf_link_ice,zdf_link_ice.001.nsbmd,,,,zdf_link_ice6.001.nsbtx,,,,,,,,
zdf_link_ice,zdf_link_ice.002.nsbmd,,,,zdf_link_ice6.001.nsbtx,,,,,,,,
zdf_link_ice,zdf_link_ice.003.nsbmd,,,,zdf_link_ice6.001.nsbtx,,,,,,,,
zdf_link_ice,zdf_link_ice.nsbmd,,,,zdf_link_ice6.001.nsbtx,,,,,,,,
zdf_mist,zdf_mist.001.nsbmd,,,,zdf_mist.nsbtx,,,,,,,,
zdf_mist,zdf_mist.nsbmd,,,,zdf_mist13.001.nsbtx,,,,,,,,
zdf_mistW,zdf_mistW.nsbmd,,,,mistW.nsbtx,,,,,,,,
zdf_ripple,zdf_ripple.nsbmd,,,,ocean5_n.nsbtx,,,,,,,,
zdf_ripple_fld,zdf_ripple_fld.nsbmd,,,,ocean5_fld.001.nsbtx,,,,,,,,
zdf_ripple_gli,zdf_ripple_gli.nsbmd,,,,ocean5_gli.nsbtx,,,,,,,,
zdf_ripple_lava,zdf_ripple_lava.nsbmd,,,,lava_ripple.nsbtx,,,,,,,,
zdf_sand_wave,zdf_sand_wave.nsbmd,,,,zdf_sand_ax.nsbtx,,,,,,,,
zdf_wave,zdf_wave.nsbmd,,,,zdf_water_a_n.nsbtx,,,,,,,,
zdf_wave_dan,zdf_wave_dan.nsbmd,,,,zdf_water_a_dan.001.nsbtx,,,,,,,,
zdf_wave_fld,zdf_wave_fld.nsbmd,,,,zdf_water_a_fld.001.nsbtx,,,,,,,,
zdf_wave_gdo1,zdf_wave_gdo1.nsbmd,,,,zdf_water_a_lb1.nsbtx,,,,,,,,
zdi_d00_lensf,zdi_d00_lensf.nsbmd,,,,zdi_lensf01.001.nsbtx,,,,,,,,
zdi_d01_wave,zdi_d01_wave.nsbmd,,,,zdf_water_a.nsbtx,,,,,,,,
zdi_d27_fusion,zdi_d27_fusion.nsbmd,,,,zdi_fusion01.nsbtx,,,,,,,,
zdi_d27_wave,zdi_d27_wave.nsbmd,,,,zdi_water_a.nsbtx,,,,,,,,
zdi_d28_column,zdi_d28_column.nsbmd,,,,zdi_water01n.nsbtx,,,,,,,,
zdi_d28_wave ,zdi_d28_wave.nsbmd,,,,zdi_wave01.nsbtx,,,,,,,,
zdi_sea_lensf01,zdi_sea_lensf01.nsbmd,,,,zdi_lensf01.001.nsbtx,,,,,,,,
zdi_sea_lensf02,zdi_sea_lensf01.nsbmd,,,,zdi_lensf01.001.nsbtx,,,,,,,,
zdi_sea_lensf03,zdi_sea_lensf01.nsbmd,,,,zdi_lensf01.001.nsbtx,,,,,,,,
zdi_sea_lensf04 ,zdi_sea_lensf01.nsbmd,,,,zdi_lensf01.001.nsbtx,,,,,,,,
zdi_sea_lensf05,zdi_sea_lensf01.nsbmd,,,,zdi_lensf01.001.nsbtx,,,,,,,,
zdi_sea_lensf06,zdi_sea_lensf01.nsbmd,,,,zdi_lensf01.nsbtx,,,,,,,,
zuco,zuco.nsbmd,,,,zuco.nsbtx,,,,,,,,
